universe,arm,profile,cagr_off,cagr_on,cagr_last_day,bh_reference,bh_investable,bh_investable_last_day,gap_on,gap_last_day,maxdd_off,sharpe_off,maxdd_on,sharpe_on
nifty100,v1,research,28.0052,23.6979,23.7482,23.9046,23.3803,21.9718,0.3176,1.7763,-33.02,1.37,-33.02,1.17
nifty100,v2,research,20.4404,17.2384,17.3865,23.9046,23.3803,21.9718,-6.1419,-4.5853,-19.78,1.6,-20.31,1.34
nifty100,v3,research,30.3566,26.1513,26.1794,23.9046,23.3803,21.9718,2.7711,4.2075,-39.06,1.26,-39.04,1.1
nifty100,v4,research,21.6096,18.366,18.5038,23.9046,23.3803,21.9718,-5.0143,-3.468,-20.99,1.43,-21.52,1.22
nifty100,v1,tradeable,28.0052,23.6979,23.7482,23.9046,23.3803,21.9718,0.3176,1.7763,-33.02,1.37,-33.02,1.17
nifty100,v2,tradeable,20.4404,17.2384,17.3865,23.9046,23.3803,21.9718,-6.1419,-4.5853,-19.78,1.6,-20.31,1.34
nifty100,v3,tradeable,30.3566,26.1513,26.1794,23.9046,23.3803,21.9718,2.7711,4.2075,-39.06,1.26,-39.04,1.1
nifty100,v4,tradeable,21.6096,18.366,18.5038,23.9046,23.3803,21.9718,-5.0143,-3.468,-20.99,1.43,-21.52,1.22
midcap150,v1,research,41.8591,33.8903,34.0986,24.9455,23.5541,22.1586,10.3363,11.9401,-40.76,1.77,-40.76,1.46
midcap150,v2,research,28.4628,24.0387,24.1714,24.9455,23.5541,22.1586,0.4846,2.0129,-24.95,1.88,-24.95,1.57
midcap150,v3,research,43.7031,37.0866,37.3072,24.9455,23.5541,22.1586,13.5325,15.1486,-41.12,1.65,-41.12,1.42
midcap150,v4,research,32.6875,27.9228,28.038,24.9455,23.5541,22.1586,4.3687,5.8794,-21.21,1.86,-21.21,1.58
midcap150,v1,tradeable,41.8591,33.8903,34.0986,24.9455,23.5541,22.1586,10.3363,11.9401,-40.76,1.77,-40.76,1.46
midcap150,v2,tradeable,28.4628,24.0387,24.1714,24.9455,23.5541,22.1586,0.4846,2.0129,-24.95,1.88,-24.95,1.57
midcap150,v3,tradeable,43.7031,37.0866,37.3072,24.9455,23.5541,22.1586,13.5325,15.1486,-41.12,1.65,-41.12,1.42
midcap150,v4,tradeable,32.6875,27.9228,28.038,24.9455,23.5541,22.1586,4.3687,5.8794,-21.21,1.86,-21.21,1.58
nifty50,v1,research,23.1972,20.1572,20.4689,20.449,19.6197,18.3462,0.5375,2.1227,-29.5,1.27,-29.47,1.11
nifty50,v2,research,15.3145,13.1484,13.3738,20.449,19.6197,18.3462,-6.4713,-4.9724,-15.11,1.29,-16.65,1.1
nifty50,v3,research,27.1838,23.2452,23.4463,20.449,19.6197,18.3462,3.6255,5.1,-33.76,1.3,-33.76,1.13
nifty50,v4,research,18.288,15.7956,15.9457,20.449,19.6197,18.3462,-3.8241,-2.4005,-16.83,1.3,-16.8,1.13
nifty50,v1,tradeable,23.1972,20.1572,20.4689,20.449,19.6197,18.3462,0.5375,2.1227,-29.5,1.27,-29.47,1.11
nifty50,v2,tradeable,15.3145,13.1484,13.3738,20.449,19.6197,18.3462,-6.4713,-4.9724,-15.11,1.29,-16.65,1.1
nifty50,v3,tradeable,27.1838,23.2452,23.4463,20.449,19.6197,18.3462,3.6255,5.1,-33.76,1.3,-33.76,1.13
nifty50,v4,tradeable,18.288,15.7956,15.9457,20.449,19.6197,18.3462,-3.8241,-2.4005,-16.83,1.3,-16.8,1.13
midcap50,v1,research,34.4666,29.1153,29.322,23.7261,25.9739,24.5081,3.1414,4.8139,-35.73,1.59,-35.78,1.36
midcap50,v2,research,22.8031,19.4014,19.5375,23.7261,25.9739,24.5081,-6.5725,-4.9706,-28.35,1.62,-29.42,1.37
midcap50,v3,research,34.7975,29.9287,30.2651,23.7261,25.9739,24.5081,3.9548,5.757,-41.2,1.47,-41.19,1.28
midcap50,v4,research,23.6342,20.2122,20.3779,23.7261,25.9739,24.5081,-5.7616,-4.1302,-29.22,1.52,-29.18,1.29
midcap50,v1,tradeable,34.4666,29.1153,29.322,23.7261,25.9739,24.5081,3.1414,4.8139,-35.73,1.59,-35.78,1.36
midcap50,v2,tradeable,22.8031,19.4014,19.5375,23.7261,25.9739,24.5081,-6.5725,-4.9706,-28.35,1.62,-29.42,1.37
midcap50,v3,tradeable,34.7975,29.9287,30.2651,23.7261,25.9739,24.5081,3.9548,5.757,-41.2,1.47,-41.19,1.28
midcap50,v4,tradeable,23.6342,20.2122,20.3779,23.7261,25.9739,24.5081,-5.7616,-4.1302,-29.22,1.52,-29.18,1.29
midcap100,v1,research,32.6436,27.3236,27.5951,26.2499,24.4762,23.0428,2.8474,4.5523,-35.36,1.45,-35.36,1.23
midcap100,v2,research,26.2612,22.1895,22.3272,26.2499,24.4762,23.0428,-2.2867,-0.7156,-22.6,1.69,-22.56,1.43
midcap100,v3,research,32.3321,26.5471,26.7627,26.2499,24.4762,23.0428,2.0709,3.7199,-48.17,1.29,-48.29,1.08
midcap100,v4,research,26.1256,22.1396,22.2795,26.2499,24.4762,23.0428,-2.3366,-0.7632,-31.29,1.48,-31.3,1.26
midcap100,v1,tradeable,31.7003,27.7543,28.0274,26.2499,24.4762,23.0428,3.2781,4.9847,-36.01,1.42,-35.37,1.25
midcap100,v2,tradeable,26.2612,22.1895,22.3272,26.2499,24.4762,23.0428,-2.2867,-0.7156,-22.6,1.69,-22.56,1.43
midcap100,v3,tradeable,32.3206,26.4993,26.7143,26.2499,24.4762,23.0428,2.0231,3.6715,-48.15,1.29,-48.18,1.08
midcap100,v4,tradeable,26.1256,22.1396,22.2795,26.2499,24.4762,23.0428,-2.3366,-0.7632,-31.29,1.48,-31.3,1.26
nifty200,v1,research,47.0374,40.4241,40.5593,25.122,23.6863,22.2692,16.7379,18.29,-34.58,1.93,-34.57,1.67
nifty200,v2,research,32.2508,27.6371,27.8126,25.122,23.6863,22.2692,3.9508,5.5434,-16.77,2.11,-16.74,1.79
nifty200,v3,research,49.405,41.8795,41.9078,25.122,23.6863,22.2692,18.1933,19.6386,-46.72,1.78,-46.97,1.53
nifty200,v4,research,36.4133,31.1497,31.2432,25.122,23.6863,22.2692,7.4635,8.974,-24.97,1.99,-25.4,1.7
nifty200,v1,tradeable,47.0374,40.4241,40.5593,25.122,23.6863,22.2692,16.7379,18.29,-34.58,1.93,-34.57,1.67
nifty200,v2,tradeable,32.2508,27.6371,27.8126,25.122,23.6863,22.2692,3.9508,5.5434,-16.77,2.11,-16.74,1.79
nifty200,v3,tradeable,49.405,41.8795,41.9078,25.122,23.6863,22.2692,18.1933,19.6386,-46.72,1.78,-46.97,1.53
nifty200,v4,tradeable,36.4133,31.1497,31.2432,25.122,23.6863,22.2692,7.4635,8.974,-24.97,1.99,-25.4,1.7
smallcap250,v1,research,50.2116,42.2879,42.3613,26.5613,26.598,24.9455,15.69,17.4158,-35.96,2.02,-35.91,1.73
smallcap250,v2,research,28.6913,24.2087,24.243,26.5613,26.598,24.9455,-2.3893,-0.7025,-24.43,2.03,-24.35,1.68
smallcap250,v3,research,49.0517,41.5498,41.859,26.5613,26.598,24.9455,14.9518,16.9135,-36.49,1.82,-36.52,1.59
smallcap250,v4,research,30.7421,25.8722,25.876,26.5613,26.598,24.9455,-0.7257,0.9305,-30.97,1.89,-31.01,1.58
smallcap250,v1,tradeable,49.3976,41.3286,41.4016,26.5613,26.598,24.9455,14.7307,16.456,-35.94,2.0,-41.67,1.7
smallcap250,v2,tradeable,28.6913,24.2087,24.243,26.5613,26.598,24.9455,-2.3893,-0.7025,-24.43,2.03,-24.35,1.68
smallcap250,v3,tradeable,47.063,39.6797,39.9849,26.5613,26.598,24.9455,13.0817,15.0393,-36.5,1.78,-36.51,1.54
smallcap250,v4,tradeable,30.7421,25.8722,25.876,26.5613,26.598,24.9455,-0.7257,0.9305,-30.97,1.89,-31.01,1.58
nifty500,v1,research,34.3632,29.6092,29.7817,25.598,24.4293,22.9124,5.18,6.8693,-47.08,1.44,-47.09,1.25
nifty500,v2,research,27.2884,23.1038,23.246,25.598,24.4293,22.9124,-1.3254,0.3337,-29.77,1.88,-29.77,1.56
nifty500,v3,research,44.2095,36.8997,37.0085,25.598,24.4293,22.9124,12.4704,14.0961,-62.84,1.56,-63.14,1.33
nifty500,v4,research,31.2956,26.4259,26.4977,25.598,24.4293,22.9124,1.9966,3.5853,-39.0,1.85,-39.04,1.54
nifty500,v1,tradeable,33.5414,28.6314,28.8024,25.598,24.4293,22.9124,4.2021,5.8901,-49.28,1.4,-49.26,1.21
nifty500,v2,tradeable,27.2582,23.0663,23.2088,25.598,24.4293,22.9124,-1.363,0.2964,-29.87,1.88,-29.86,1.56
nifty500,v3,tradeable,44.1715,36.871,36.9798,25.598,24.4293,22.9124,12.4417,14.0674,-62.84,1.56,-63.14,1.33
nifty500,v4,tradeable,31.2956,26.4259,26.4977,25.598,24.4293,22.9124,1.9966,3.5853,-39.0,1.85,-39.04,1.54
