universe,arm,profile,cagr_off_old,cagr_off_new,cagr_off_diff,cagr_on_old,cagr_on_new,cagr_on_diff,cagr_last_day_old,cagr_last_day_new,cagr_last_day_diff,bh_reference_old,bh_reference_new,bh_reference_diff,bh_investable_old,bh_investable_new,bh_investable_diff,bh_investable_last_day_old,bh_investable_last_day_new,bh_investable_last_day_diff,gap_on_old,gap_on_new,gap_on_diff,gap_last_day_old,gap_last_day_new,gap_last_day_diff,sign_change_on,sign_change_last_day
nifty100,v1,research,25.7064,28.0052,2.2988,21.5275,23.6979,2.1704,21.5342,23.7482,2.214,24.1618,23.9046,-0.2572,23.3803,23.3803,0.0,21.9718,21.9718,0.0,-1.8528,0.3176,2.1704,-0.4376,1.7763,2.2139,True,True
nifty100,v2,research,19.3953,20.4404,1.0451,16.4328,17.2384,0.8056,16.4483,17.3865,0.9382,24.1618,23.9046,-0.2572,23.3803,23.3803,0.0,21.9718,21.9718,0.0,-6.9475,-6.1419,0.8056,-5.5235,-4.5853,0.9382,False,False
nifty100,v3,research,27.5777,30.3566,2.7789,23.6814,26.1513,2.4699,23.6599,26.1794,2.5195,24.1618,23.9046,-0.2572,23.3803,23.3803,0.0,21.9718,21.9718,0.0,0.3012,2.7711,2.4699,1.6881,4.2075,2.5194,False,False
nifty100,v4,research,20.3764,21.6096,1.2332,17.4562,18.366,0.9098,17.4753,18.5038,1.0285,24.1618,23.9046,-0.2572,23.3803,23.3803,0.0,21.9718,21.9718,0.0,-5.9241,-5.0143,0.9098,-4.4965,-3.468,1.0285,False,False
nifty100,v1,tradeable,25.8417,28.0052,2.1635,21.4954,23.6979,2.2025,21.5018,23.7482,2.2464,24.1618,23.9046,-0.2572,23.3803,23.3803,0.0,21.9718,21.9718,0.0,-1.8848,0.3176,2.2024,-0.4701,1.7763,2.2464,True,True
nifty100,v2,tradeable,19.3953,20.4404,1.0451,16.4328,17.2384,0.8056,16.4483,17.3865,0.9382,24.1618,23.9046,-0.2572,23.3803,23.3803,0.0,21.9718,21.9718,0.0,-6.9475,-6.1419,0.8056,-5.5235,-4.5853,0.9382,False,False
nifty100,v3,tradeable,27.5777,30.3566,2.7789,23.6814,26.1513,2.4699,23.6599,26.1794,2.5195,24.1618,23.9046,-0.2572,23.3803,23.3803,0.0,21.9718,21.9718,0.0,0.3012,2.7711,2.4699,1.6881,4.2075,2.5194,False,False
nifty100,v4,tradeable,20.3764,21.6096,1.2332,17.4562,18.366,0.9098,17.4753,18.5038,1.0285,24.1618,23.9046,-0.2572,23.3803,23.3803,0.0,21.9718,21.9718,0.0,-5.9241,-5.0143,0.9098,-4.4965,-3.468,1.0285,False,False
midcap150,v1,research,36.8418,41.8591,5.0173,30.9497,33.8903,2.9406,31.0527,34.0986,3.0459,25.4588,24.9455,-0.5133,23.5541,23.5541,0.0,22.1586,22.1586,0.0,7.3956,10.3363,2.9407,8.8942,11.9401,3.0459,False,False
midcap150,v2,research,28.7825,28.4628,-0.3197,24.1551,24.0387,-0.1164,24.2404,24.1714,-0.069,25.4588,24.9455,-0.5133,23.5541,23.5541,0.0,22.1586,22.1586,0.0,0.601,0.4846,-0.1164,2.0818,2.0129,-0.0689,False,False
midcap150,v3,research,36.3404,43.7031,7.3627,30.4903,37.0866,6.5963,30.5373,37.3072,6.7699,25.4588,24.9455,-0.5133,23.5541,23.5541,0.0,22.1586,22.1586,0.0,6.9362,13.5325,6.5963,8.3788,15.1486,6.7698,False,False
midcap150,v4,research,33.9877,32.6875,-1.3002,28.9983,27.9228,-1.0755,29.0393,28.038,-1.0013,25.4588,24.9455,-0.5133,23.5541,23.5541,0.0,22.1586,22.1586,0.0,5.4442,4.3687,-1.0755,6.8807,5.8794,-1.0013,False,False
midcap150,v1,tradeable,36.8418,41.8591,5.0173,30.9497,33.8903,2.9406,31.0527,34.0986,3.0459,25.4588,24.9455,-0.5133,23.5541,23.5541,0.0,22.1586,22.1586,0.0,7.3956,10.3363,2.9407,8.8942,11.9401,3.0459,False,False
midcap150,v2,tradeable,28.7825,28.4628,-0.3197,24.1551,24.0387,-0.1164,24.2404,24.1714,-0.069,25.4588,24.9455,-0.5133,23.5541,23.5541,0.0,22.1586,22.1586,0.0,0.601,0.4846,-0.1164,2.0818,2.0129,-0.0689,False,False
midcap150,v3,tradeable,36.3404,43.7031,7.3627,30.4903,37.0866,6.5963,30.5373,37.3072,6.7699,25.4588,24.9455,-0.5133,23.5541,23.5541,0.0,22.1586,22.1586,0.0,6.9362,13.5325,6.5963,8.3788,15.1486,6.7698,False,False
midcap150,v4,tradeable,33.9877,32.6875,-1.3002,28.9983,27.9228,-1.0755,29.0393,28.038,-1.0013,25.4588,24.9455,-0.5133,23.5541,23.5541,0.0,22.1586,22.1586,0.0,5.4442,4.3687,-1.0755,6.8807,5.8794,-1.0013,False,False
nifty50,v1,research,18.5431,23.1972,4.6541,15.1057,20.1572,5.0515,15.3031,20.4689,5.1658,20.6674,20.449,-0.2184,19.6197,19.6197,0.0,18.3462,18.3462,0.0,-4.5141,0.5375,5.0516,-3.0431,2.1227,5.1658,True,True
nifty50,v2,research,13.3974,15.3145,1.9171,11.412,13.1484,1.7364,11.6548,13.3738,1.719,20.6674,20.449,-0.2184,19.6197,19.6197,0.0,18.3462,18.3462,0.0,-8.2078,-6.4713,1.7365,-6.6915,-4.9724,1.7191,False,False
nifty50,v3,research,21.874,27.1838,5.3098,18.6515,23.2452,4.5937,18.8968,23.4463,4.5495,20.6674,20.449,-0.2184,19.6197,19.6197,0.0,18.3462,18.3462,0.0,-0.9683,3.6255,4.5938,0.5506,5.1,4.5494,True,False
nifty50,v4,research,15.4621,18.288,2.8259,13.213,15.7956,2.5826,13.4333,15.9457,2.5124,20.6674,20.449,-0.2184,19.6197,19.6197,0.0,18.3462,18.3462,0.0,-6.4067,-3.8241,2.5826,-4.913,-2.4005,2.5125,False,False
nifty50,v1,tradeable,18.5431,23.1972,4.6541,15.1057,20.1572,5.0515,15.3031,20.4689,5.1658,20.6674,20.449,-0.2184,19.6197,19.6197,0.0,18.3462,18.3462,0.0,-4.5141,0.5375,5.0516,-3.0431,2.1227,5.1658,True,True
nifty50,v2,tradeable,13.3974,15.3145,1.9171,11.412,13.1484,1.7364,11.6548,13.3738,1.719,20.6674,20.449,-0.2184,19.6197,19.6197,0.0,18.3462,18.3462,0.0,-8.2078,-6.4713,1.7365,-6.6915,-4.9724,1.7191,False,False
nifty50,v3,tradeable,21.874,27.1838,5.3098,18.6515,23.2452,4.5937,18.8968,23.4463,4.5495,20.6674,20.449,-0.2184,19.6197,19.6197,0.0,18.3462,18.3462,0.0,-0.9683,3.6255,4.5938,0.5506,5.1,4.5494,True,False
nifty50,v4,tradeable,15.4621,18.288,2.8259,13.213,15.7956,2.5826,13.4333,15.9457,2.5124,20.6674,20.449,-0.2184,19.6197,19.6197,0.0,18.3462,18.3462,0.0,-6.4067,-3.8241,2.5826,-4.913,-2.4005,2.5125,False,False
midcap50,v1,research,28.7361,34.4666,5.7305,25.21,29.1153,3.9053,25.4696,29.322,3.8524,24.3436,23.7261,-0.6175,25.9739,25.9739,0.0,24.5081,24.5081,0.0,-0.7639,3.1414,3.9053,0.9615,4.8139,3.8524,True,False
midcap50,v2,research,20.9709,22.8031,1.8322,17.8059,19.4014,1.5955,17.889,19.5375,1.6485,24.3436,23.7261,-0.6175,25.9739,25.9739,0.0,24.5081,24.5081,0.0,-8.168,-6.5725,1.5955,-6.619,-4.9706,1.6484,False,False
midcap50,v3,research,26.0856,34.7975,8.7119,22.0592,29.9287,7.8695,22.2875,30.2651,7.9776,24.3436,23.7261,-0.6175,25.9739,25.9739,0.0,24.5081,24.5081,0.0,-3.9147,3.9548,7.8695,-2.2206,5.757,7.9776,True,True
midcap50,v4,research,19.4662,23.6342,4.168,16.3848,20.2122,3.8274,16.4853,20.3779,3.8926,24.3436,23.7261,-0.6175,25.9739,25.9739,0.0,24.5081,24.5081,0.0,-9.5891,-5.7616,3.8275,-8.0228,-4.1302,3.8926,False,False
midcap50,v1,tradeable,28.7361,34.4666,5.7305,25.21,29.1153,3.9053,25.4696,29.322,3.8524,24.3436,23.7261,-0.6175,25.9739,25.9739,0.0,24.5081,24.5081,0.0,-0.7639,3.1414,3.9053,0.9615,4.8139,3.8524,True,False
midcap50,v2,tradeable,20.9709,22.8031,1.8322,17.8059,19.4014,1.5955,17.889,19.5375,1.6485,24.3436,23.7261,-0.6175,25.9739,25.9739,0.0,24.5081,24.5081,0.0,-8.168,-6.5725,1.5955,-6.619,-4.9706,1.6484,False,False
midcap50,v3,tradeable,26.0856,34.7975,8.7119,22.0592,29.9287,7.8695,22.2875,30.2651,7.9776,24.3436,23.7261,-0.6175,25.9739,25.9739,0.0,24.5081,24.5081,0.0,-3.9147,3.9548,7.8695,-2.2206,5.757,7.9776,True,True
midcap50,v4,tradeable,19.4662,23.6342,4.168,16.3848,20.2122,3.8274,16.4853,20.3779,3.8926,24.3436,23.7261,-0.6175,25.9739,25.9739,0.0,24.5081,24.5081,0.0,-9.5891,-5.7616,3.8275,-8.0228,-4.1302,3.8926,False,False
midcap100,v1,research,37.9044,32.6436,-5.2608,32.3206,27.3236,-4.997,32.4313,27.5951,-4.8362,26.8248,26.2499,-0.5749,24.4762,24.4762,0.0,23.0428,23.0428,0.0,7.8444,2.8474,-4.997,9.3885,4.5523,-4.8362,False,False
midcap100,v2,research,28.8606,26.2612,-2.5994,24.4873,22.1895,-2.2978,24.5764,22.3272,-2.2492,26.8248,26.2499,-0.5749,24.4762,24.4762,0.0,23.0428,23.0428,0.0,0.0111,-2.2867,-2.2978,1.5337,-0.7156,-2.2493,True,True
midcap100,v3,research,35.99,32.3321,-3.6579,30.8969,26.5471,-4.3498,31.0335,26.7627,-4.2708,26.8248,26.2499,-0.5749,24.4762,24.4762,0.0,23.0428,23.0428,0.0,6.4207,2.0709,-4.3498,7.9907,3.7199,-4.2708,False,False
midcap100,v4,research,23.1158,26.1256,3.0098,19.362,22.1396,2.7776,19.4676,22.2795,2.8119,26.8248,26.2499,-0.5749,24.4762,24.4762,0.0,23.0428,23.0428,0.0,-5.1142,-2.3366,2.7776,-3.5752,-0.7632,2.812,False,False
midcap100,v1,tradeable,37.5653,31.7003,-5.865,32.0354,27.7543,-4.2811,32.1457,28.0274,-4.1183,26.8248,26.2499,-0.5749,24.4762,24.4762,0.0,23.0428,23.0428,0.0,7.5592,3.2781,-4.2811,9.1029,4.9847,-4.1182,False,False
midcap100,v2,tradeable,28.8606,26.2612,-2.5994,24.4873,22.1895,-2.2978,24.5764,22.3272,-2.2492,26.8248,26.2499,-0.5749,24.4762,24.4762,0.0,23.0428,23.0428,0.0,0.0111,-2.2867,-2.2978,1.5337,-0.7156,-2.2493,True,True
midcap100,v3,tradeable,35.9321,32.3206,-3.6115,30.8536,26.4993,-4.3543,30.99,26.7143,-4.2757,26.8248,26.2499,-0.5749,24.4762,24.4762,0.0,23.0428,23.0428,0.0,6.3774,2.0231,-4.3543,7.9472,3.6715,-4.2757,False,False
midcap100,v4,tradeable,23.1158,26.1256,3.0098,19.362,22.1396,2.7776,19.4676,22.2795,2.8119,26.8248,26.2499,-0.5749,24.4762,24.4762,0.0,23.0428,23.0428,0.0,-5.1142,-2.3366,2.7776,-3.5752,-0.7632,2.812,False,False
nifty200,v1,research,38.2214,47.0374,8.816,32.3493,40.4241,8.0748,32.5508,40.5593,8.0085,25.5351,25.122,-0.4131,23.6863,23.6863,0.0,22.2692,22.2692,0.0,8.663,16.7379,8.0749,10.2816,18.29,8.0084,False,False
nifty200,v2,research,28.2113,32.2508,4.0395,24.0576,27.6371,3.5795,24.251,27.8126,3.5616,25.5351,25.122,-0.4131,23.6863,23.6863,0.0,22.2692,22.2692,0.0,0.3713,3.9508,3.5795,1.9818,5.5434,3.5616,False,False
nifty200,v3,research,34.877,49.405,14.528,29.6014,41.8795,12.2781,29.6482,41.9078,12.2596,25.5351,25.122,-0.4131,23.6863,23.6863,0.0,22.2692,22.2692,0.0,5.9151,18.1933,12.2782,7.379,19.6386,12.2596,False,False
nifty200,v4,research,29.1179,36.4133,7.2954,24.5658,31.1497,6.5839,24.6209,31.2432,6.6223,25.5351,25.122,-0.4131,23.6863,23.6863,0.0,22.2692,22.2692,0.0,0.8795,7.4635,6.584,2.3517,8.974,6.6223,False,False
nifty200,v1,tradeable,38.2214,47.0374,8.816,32.3493,40.4241,8.0748,32.5508,40.5593,8.0085,25.5351,25.122,-0.4131,23.6863,23.6863,0.0,22.2692,22.2692,0.0,8.663,16.7379,8.0749,10.2816,18.29,8.0084,False,False
nifty200,v2,tradeable,28.2113,32.2508,4.0395,24.0576,27.6371,3.5795,24.251,27.8126,3.5616,25.5351,25.122,-0.4131,23.6863,23.6863,0.0,22.2692,22.2692,0.0,0.3713,3.9508,3.5795,1.9818,5.5434,3.5616,False,False
nifty200,v3,tradeable,34.877,49.405,14.528,29.6014,41.8795,12.2781,29.6482,41.9078,12.2596,25.5351,25.122,-0.4131,23.6863,23.6863,0.0,22.2692,22.2692,0.0,5.9151,18.1933,12.2782,7.379,19.6386,12.2596,False,False
nifty200,v4,tradeable,29.1179,36.4133,7.2954,24.5658,31.1497,6.5839,24.6209,31.2432,6.6223,25.5351,25.122,-0.4131,23.6863,23.6863,0.0,22.2692,22.2692,0.0,0.8795,7.4635,6.584,2.3517,8.974,6.6223,False,False
smallcap250,v1,research,48.8139,50.2116,1.3977,41.0621,42.2879,1.2258,41.0696,42.3613,1.2917,27.1463,26.5613,-0.585,26.5986,26.598,-0.0006,24.9459,24.9455,-0.0004,14.4635,15.69,1.2265,16.1237,17.4158,1.2921,False,False
smallcap250,v2,research,25.1704,28.6913,3.5209,21.0464,24.2087,3.1623,21.0904,24.243,3.1526,27.1463,26.5613,-0.585,26.5986,26.598,-0.0006,24.9459,24.9455,-0.0004,-5.5522,-2.3893,3.1629,-3.8556,-0.7025,3.1531,False,False
smallcap250,v3,research,46.694,49.0517,2.3577,39.3678,41.5498,2.182,39.5017,41.859,2.3573,27.1463,26.5613,-0.585,26.5986,26.598,-0.0006,24.9459,24.9455,-0.0004,12.7693,14.9518,2.1825,14.5558,16.9135,2.3577,False,False
smallcap250,v4,research,24.6018,30.7421,6.1403,20.3702,25.8722,5.502,20.4776,25.876,5.3984,27.1463,26.5613,-0.585,26.5986,26.598,-0.0006,24.9459,24.9455,-0.0004,-6.2283,-0.7257,5.5026,-4.4684,0.9305,5.3989,False,True
smallcap250,v1,tradeable,48.1527,49.3976,1.2449,41.3064,41.3286,0.0222,41.3139,41.4016,0.0877,27.1463,26.5613,-0.585,26.5986,26.598,-0.0006,24.9459,24.9455,-0.0004,14.7078,14.7307,0.0229,16.368,16.456,0.088,False,False
smallcap250,v2,tradeable,25.1704,28.6913,3.5209,21.0464,24.2087,3.1623,21.0904,24.243,3.1526,27.1463,26.5613,-0.585,26.5986,26.598,-0.0006,24.9459,24.9455,-0.0004,-5.5522,-2.3893,3.1629,-3.8556,-0.7025,3.1531,False,False
smallcap250,v3,tradeable,44.792,47.063,2.271,37.7272,39.6797,1.9525,37.8596,39.9849,2.1253,27.1463,26.5613,-0.585,26.5986,26.598,-0.0006,24.9459,24.9455,-0.0004,11.1287,13.0817,1.953,12.9136,15.0393,2.1257,False,False
smallcap250,v4,tradeable,24.6018,30.7421,6.1403,20.3702,25.8722,5.502,20.4776,25.876,5.3984,27.1463,26.5613,-0.585,26.5986,26.598,-0.0006,24.9459,24.9455,-0.0004,-6.2283,-0.7257,5.5026,-4.4684,0.9305,5.3989,False,True
nifty500,v1,research,39.9816,34.3632,-5.6184,33.5348,29.6092,-3.9256,33.5372,29.7817,-3.7555,26.0935,25.598,-0.4955,24.4295,24.4293,-0.0002,22.9125,22.9124,-0.0001,9.1053,5.18,-3.9253,10.6247,6.8693,-3.7554,False,False
nifty500,v2,research,31.1359,27.2884,-3.8475,26.3168,23.1038,-3.213,26.396,23.246,-3.15,26.0935,25.598,-0.4955,24.4295,24.4293,-0.0002,22.9125,22.9124,-0.0001,1.8873,-1.3254,-3.2127,3.4835,0.3337,-3.1498,True,False
nifty500,v3,research,46.3915,44.2095,-2.182,36.8896,36.8997,0.0101,36.7807,37.0085,0.2278,26.0935,25.598,-0.4955,24.4295,24.4293,-0.0002,22.9125,22.9124,-0.0001,12.4602,12.4704,0.0102,13.8682,14.0961,0.2279,False,False
nifty500,v4,research,33.4392,31.2956,-2.1436,28.3082,26.4259,-1.8823,28.3416,26.4977,-1.8439,26.0935,25.598,-0.4955,24.4295,24.4293,-0.0002,22.9125,22.9124,-0.0001,3.8788,1.9966,-1.8822,5.4291,3.5853,-1.8438,False,False
nifty500,v1,tradeable,39.7661,33.5414,-6.2247,33.3432,28.6314,-4.7118,33.3457,28.8024,-4.5433,26.0935,25.598,-0.4955,24.4295,24.4293,-0.0002,22.9125,22.9124,-0.0001,8.9137,4.2021,-4.7116,10.4332,5.8901,-4.5431,False,False
nifty500,v2,tradeable,31.1359,27.2582,-3.8777,26.3168,23.0663,-3.2505,26.396,23.2088,-3.1872,26.0935,25.598,-0.4955,24.4295,24.4293,-0.0002,22.9125,22.9124,-0.0001,1.8873,-1.363,-3.2503,3.4835,0.2964,-3.1871,True,False
nifty500,v3,tradeable,46.1987,44.1715,-2.0272,36.8274,36.871,0.0436,36.7184,36.9798,0.2614,26.0935,25.598,-0.4955,24.4295,24.4293,-0.0002,22.9125,22.9124,-0.0001,12.3979,12.4417,0.0438,13.8059,14.0674,0.2615,False,False
nifty500,v4,tradeable,33.4392,31.2956,-2.1436,28.3082,26.4259,-1.8823,28.3416,26.4977,-1.8439,26.0935,25.598,-0.4955,24.4295,24.4293,-0.0002,22.9125,22.9124,-0.0001,3.8788,1.9966,-1.8822,5.4291,3.5853,-1.8438,False,False
