tag,sigma,noise_seed,arm,profile,cagr,bh_cagr,gap,tax,final_equity,trades,cap_binds,rows,bound_crossings,minutes_total,run_date,script_sha256,perturb_sha256
nifty50,0.0,0,v1,research,15.105674,19.619741,-4.514068,396501.39,2834493.35,695,0,252467,0,15.643,2026-09-26 18:36,d9bac5e74ae9ff19,c0a78e120d6e948b
nifty50,0.0,0,v2,research,11.411987,19.619741,-8.207755,242321.11,2226242.42,864,0,252467,0,15.643,2026-09-26 18:36,d9bac5e74ae9ff19,c0a78e120d6e948b
nifty50,0.0,0,v3,research,18.651469,19.619741,-0.968272,511882.24,3548610.13,652,0,252467,0,15.643,2026-09-26 18:36,d9bac5e74ae9ff19,c0a78e120d6e948b
nifty50,0.0,0,v4,research,13.213,19.619741,-6.406741,277291.92,2506974.19,870,0,252467,0,15.643,2026-09-26 18:36,d9bac5e74ae9ff19,c0a78e120d6e948b
nifty50,0.0,0,v1,tradeable,15.105674,19.619741,-4.514068,396501.39,2834493.35,695,0,252467,0,15.643,2026-09-26 18:36,d9bac5e74ae9ff19,c0a78e120d6e948b
nifty50,0.0,0,v2,tradeable,11.411987,19.619741,-8.207755,242321.11,2226242.42,864,0,252467,0,15.643,2026-09-26 18:36,d9bac5e74ae9ff19,c0a78e120d6e948b
nifty50,0.0,0,v3,tradeable,18.651469,19.619741,-0.968272,511882.24,3548610.13,652,0,252467,0,15.643,2026-09-26 18:36,d9bac5e74ae9ff19,c0a78e120d6e948b
nifty50,0.0,0,v4,tradeable,13.213,19.619741,-6.406741,277291.92,2506974.19,870,0,252467,0,15.643,2026-09-26 18:36,d9bac5e74ae9ff19,c0a78e120d6e948b
nifty50,0.0001,101,v1,research,15.94729,19.620011,-3.672721,453305.71,2991621.97,711,0,252467,2761,15.556,2026-09-26 18:51,d9bac5e74ae9ff19,c0a78e120d6e948b
nifty50,0.0001,101,v2,research,11.997547,19.620011,-7.622463,284845.64,2314369.22,867,0,252467,2761,15.556,2026-09-26 18:51,d9bac5e74ae9ff19,c0a78e120d6e948b
nifty50,0.0001,101,v3,research,20.331955,19.620011,0.711944,609343.94,3938150.83,674,0,252467,2761,15.556,2026-09-26 18:51,d9bac5e74ae9ff19,c0a78e120d6e948b
nifty50,0.0001,101,v4,research,15.524409,19.620011,-4.095602,378147.51,2911754.16,869,0,252467,2761,15.556,2026-09-26 18:51,d9bac5e74ae9ff19,c0a78e120d6e948b
nifty50,0.0001,101,v1,tradeable,15.94729,19.620011,-3.672721,453305.71,2991621.97,711,0,252467,2761,15.556,2026-09-26 18:51,d9bac5e74ae9ff19,c0a78e120d6e948b
nifty50,0.0001,101,v2,tradeable,11.997547,19.620011,-7.622463,284845.64,2314369.22,867,0,252467,2761,15.556,2026-09-26 18:51,d9bac5e74ae9ff19,c0a78e120d6e948b
nifty50,0.0001,101,v3,tradeable,20.331955,19.620011,0.711944,609343.94,3938150.83,674,0,252467,2761,15.556,2026-09-26 18:51,d9bac5e74ae9ff19,c0a78e120d6e948b
nifty50,0.0001,101,v4,tradeable,15.524409,19.620011,-4.095602,378147.51,2911754.16,869,0,252467,2761,15.556,2026-09-26 18:51,d9bac5e74ae9ff19,c0a78e120d6e948b
nifty50,0.0001,202,v1,research,14.70541,19.620199,-4.914789,414396.35,2762304.93,694,0,252467,2723,15.81,2026-09-26 18:58,d9bac5e74ae9ff19,c0a78e120d6e948b
nifty50,0.0001,202,v2,research,10.999026,19.620199,-8.621173,255523.89,2165851.16,852,0,252467,2723,15.81,2026-09-26 18:58,d9bac5e74ae9ff19,c0a78e120d6e948b
nifty50,0.0001,202,v3,research,17.675942,19.620199,-1.944258,503141.32,3338143.02,671,0,252467,2723,15.81,2026-09-26 18:58,d9bac5e74ae9ff19,c0a78e120d6e948b
nifty50,0.0001,202,v4,research,14.70072,19.620199,-4.919479,356870.38,2761468.53,856,0,252467,2723,15.81,2026-09-26 18:58,d9bac5e74ae9ff19,c0a78e120d6e948b
nifty50,0.0001,202,v1,tradeable,14.70541,19.620199,-4.914789,414396.35,2762304.93,694,0,252467,2723,15.81,2026-09-26 18:58,d9bac5e74ae9ff19,c0a78e120d6e948b
nifty50,0.0001,202,v2,tradeable,10.999026,19.620199,-8.621173,255523.89,2165851.16,852,0,252467,2723,15.81,2026-09-26 18:58,d9bac5e74ae9ff19,c0a78e120d6e948b
nifty50,0.0001,202,v3,tradeable,17.675942,19.620199,-1.944258,503141.32,3338143.02,671,0,252467,2723,15.81,2026-09-26 18:58,d9bac5e74ae9ff19,c0a78e120d6e948b
nifty50,0.0001,202,v4,tradeable,14.70072,19.620199,-4.919479,356870.38,2761468.53,856,0,252467,2723,15.81,2026-09-26 18:58,d9bac5e74ae9ff19,c0a78e120d6e948b
nifty50,0.0001,303,v1,research,12.962769,19.619622,-6.656853,348747.37,2466226.92,666,0,252467,2746,15.605,2026-09-26 19:07,d9bac5e74ae9ff19,c0a78e120d6e948b
nifty50,0.0001,303,v2,research,11.112544,19.619622,-8.507078,249906.68,2182309.0,872,0,252467,2746,15.605,2026-09-26 19:07,d9bac5e74ae9ff19,c0a78e120d6e948b
nifty50,0.0001,303,v3,research,18.256638,19.619622,-1.362984,492841.67,3462083.81,649,0,252467,2746,15.605,2026-09-26 19:07,d9bac5e74ae9ff19,c0a78e120d6e948b
nifty50,0.0001,303,v4,research,14.011732,19.619622,-5.60789,330858.94,2640960.14,874,0,252467,2746,15.605,2026-09-26 19:07,d9bac5e74ae9ff19,c0a78e120d6e948b
nifty50,0.0001,303,v1,tradeable,12.962769,19.619622,-6.656853,348747.37,2466226.92,666,0,252467,2746,15.605,2026-09-26 19:07,d9bac5e74ae9ff19,c0a78e120d6e948b
nifty50,0.0001,303,v2,tradeable,11.112544,19.619622,-8.507078,249906.68,2182309.0,872,0,252467,2746,15.605,2026-09-26 19:07,d9bac5e74ae9ff19,c0a78e120d6e948b
nifty50,0.0001,303,v3,tradeable,18.256638,19.619622,-1.362984,492841.67,3462083.81,649,0,252467,2746,15.605,2026-09-26 19:07,d9bac5e74ae9ff19,c0a78e120d6e948b
nifty50,0.0001,303,v4,tradeable,14.011732,19.619622,-5.60789,330858.94,2640960.14,874,0,252467,2746,15.605,2026-09-26 19:07,d9bac5e74ae9ff19,c0a78e120d6e948b
nifty50,0.0001,404,v1,research,16.950359,19.62006,-2.669701,473034.44,3188686.54,704,0,252467,2720,15.62,2026-09-26 19:13,d9bac5e74ae9ff19,c0a78e120d6e948b
nifty50,0.0001,404,v2,research,10.89736,19.62006,-8.7227,236652.8,2151202.85,873,0,252467,2720,15.62,2026-09-26 19:13,d9bac5e74ae9ff19,c0a78e120d6e948b
nifty50,0.0001,404,v3,research,18.30165,19.62006,-1.31841,474724.03,3471855.12,686,0,252467,2720,15.62,2026-09-26 19:13,d9bac5e74ae9ff19,c0a78e120d6e948b
nifty50,0.0001,404,v4,research,13.044246,19.62006,-6.575814,288558.28,2479431.22,871,0,252467,2720,15.62,2026-09-26 19:13,d9bac5e74ae9ff19,c0a78e120d6e948b
nifty50,0.0001,404,v1,tradeable,16.950359,19.62006,-2.669701,473034.44,3188686.54,704,0,252467,2720,15.62,2026-09-26 19:13,d9bac5e74ae9ff19,c0a78e120d6e948b
nifty50,0.0001,404,v2,tradeable,10.89736,19.62006,-8.7227,236652.8,2151202.85,873,0,252467,2720,15.62,2026-09-26 19:13,d9bac5e74ae9ff19,c0a78e120d6e948b
nifty50,0.0001,404,v3,tradeable,18.30165,19.62006,-1.31841,474724.03,3471855.12,686,0,252467,2720,15.62,2026-09-26 19:13,d9bac5e74ae9ff19,c0a78e120d6e948b
nifty50,0.0001,404,v4,tradeable,13.044246,19.62006,-6.575814,288558.28,2479431.22,871,0,252467,2720,15.62,2026-09-26 19:13,d9bac5e74ae9ff19,c0a78e120d6e948b
nifty50,0.0001,505,v1,research,18.411832,19.619965,-1.208133,511914.78,3495874.11,686,0,252467,2734,15.556,2026-09-26 19:23,d9bac5e74ae9ff19,c0a78e120d6e948b
nifty50,0.0001,505,v2,research,11.196884,19.619965,-8.423082,248928.1,2194606.58,864,0,252467,2734,15.556,2026-09-26 19:23,d9bac5e74ae9ff19,c0a78e120d6e948b
nifty50,0.0001,505,v3,research,20.450774,19.619965,0.830809,625793.01,3967040.86,660,0,252467,2734,15.556,2026-09-26 19:23,d9bac5e74ae9ff19,c0a78e120d6e948b
nifty50,0.0001,505,v4,research,15.165981,19.619965,-4.453985,372523.95,2845510.09,868,0,252467,2734,15.556,2026-09-26 19:23,d9bac5e74ae9ff19,c0a78e120d6e948b
nifty50,0.0001,505,v1,tradeable,18.411832,19.619965,-1.208133,511914.78,3495874.11,686,0,252467,2734,15.556,2026-09-26 19:23,d9bac5e74ae9ff19,c0a78e120d6e948b
nifty50,0.0001,505,v2,tradeable,11.196884,19.619965,-8.423082,248928.1,2194606.58,864,0,252467,2734,15.556,2026-09-26 19:23,d9bac5e74ae9ff19,c0a78e120d6e948b
nifty50,0.0001,505,v3,tradeable,20.450774,19.619965,0.830809,625793.01,3967040.86,660,0,252467,2734,15.556,2026-09-26 19:23,d9bac5e74ae9ff19,c0a78e120d6e948b
nifty50,0.0001,505,v4,tradeable,15.165981,19.619965,-4.453985,372523.95,2845510.09,868,0,252467,2734,15.556,2026-09-26 19:23,d9bac5e74ae9ff19,c0a78e120d6e948b
nifty50,0.0001,606,v1,research,14.778903,19.619567,-4.840664,397941.07,2775438.93,696,0,252467,2725,15.294,2026-09-26 19:29,d9bac5e74ae9ff19,c0a78e120d6e948b
nifty50,0.0001,606,v2,research,11.31535,19.619567,-8.304217,269874.83,2211981.33,878,0,252467,2725,15.294,2026-09-26 19:29,d9bac5e74ae9ff19,c0a78e120d6e948b
nifty50,0.0001,606,v3,research,20.648734,19.619567,1.029167,662207.05,4015580.76,668,0,252467,2725,15.294,2026-09-26 19:29,d9bac5e74ae9ff19,c0a78e120d6e948b
nifty50,0.0001,606,v4,research,15.11391,19.619567,-4.505657,363826.4,2835995.76,882,0,252467,2725,15.294,2026-09-26 19:29,d9bac5e74ae9ff19,c0a78e120d6e948b
nifty50,0.0001,606,v1,tradeable,14.778903,19.619567,-4.840664,397941.07,2775438.93,696,0,252467,2725,15.294,2026-09-26 19:29,d9bac5e74ae9ff19,c0a78e120d6e948b
nifty50,0.0001,606,v2,tradeable,11.31535,19.619567,-8.304217,269874.83,2211981.33,878,0,252467,2725,15.294,2026-09-26 19:29,d9bac5e74ae9ff19,c0a78e120d6e948b
nifty50,0.0001,606,v3,tradeable,20.648734,19.619567,1.029167,662207.05,4015580.76,668,0,252467,2725,15.294,2026-09-26 19:29,d9bac5e74ae9ff19,c0a78e120d6e948b
nifty50,0.0001,606,v4,tradeable,15.11391,19.619567,-4.505657,363826.4,2835995.76,882,0,252467,2725,15.294,2026-09-26 19:29,d9bac5e74ae9ff19,c0a78e120d6e948b
nifty50,0.0001,707,v1,research,18.505098,19.619458,-1.11436,561139.58,3516317.64,678,0,252467,2772,14.931,2026-09-26 19:38,d9bac5e74ae9ff19,c0a78e120d6e948b
nifty50,0.0001,707,v2,research,13.044451,19.619458,-6.575007,325166.04,2479464.43,867,0,252467,2772,14.931,2026-09-26 19:38,d9bac5e74ae9ff19,c0a78e120d6e948b
nifty50,0.0001,707,v3,research,18.629203,19.619458,-0.990254,530808.83,3543681.38,663,0,252467,2772,14.931,2026-09-26 19:38,d9bac5e74ae9ff19,c0a78e120d6e948b
nifty50,0.0001,707,v4,research,16.283035,19.619458,-3.336423,423523.43,3056375.49,869,0,252467,2772,14.931,2026-09-26 19:38,d9bac5e74ae9ff19,c0a78e120d6e948b
nifty50,0.0001,707,v1,tradeable,18.505098,19.619458,-1.11436,561139.58,3516317.64,678,0,252467,2772,14.931,2026-09-26 19:38,d9bac5e74ae9ff19,c0a78e120d6e948b
nifty50,0.0001,707,v2,tradeable,13.044451,19.619458,-6.575007,325166.04,2479464.43,867,0,252467,2772,14.931,2026-09-26 19:38,d9bac5e74ae9ff19,c0a78e120d6e948b
nifty50,0.0001,707,v3,tradeable,18.629203,19.619458,-0.990254,530808.83,3543681.38,663,0,252467,2772,14.931,2026-09-26 19:38,d9bac5e74ae9ff19,c0a78e120d6e948b
nifty50,0.0001,707,v4,tradeable,16.283035,19.619458,-3.336423,423523.43,3056375.49,869,0,252467,2772,14.931,2026-09-26 19:38,d9bac5e74ae9ff19,c0a78e120d6e948b
nifty50,0.0001,808,v1,research,14.88654,19.626602,-4.740062,384510.18,2794772.57,706,0,252467,2741,14.724,2026-09-26 19:43,d9bac5e74ae9ff19,c0a78e120d6e948b
nifty50,0.0001,808,v2,research,10.874396,19.626602,-8.752206,248554.33,2147905.96,875,0,252467,2741,14.724,2026-09-26 19:43,d9bac5e74ae9ff19,c0a78e120d6e948b
nifty50,0.0001,808,v3,research,16.704951,19.626602,-2.921651,428733.95,3139464.67,674,0,252467,2741,14.724,2026-09-26 19:43,d9bac5e74ae9ff19,c0a78e120d6e948b
nifty50,0.0001,808,v4,research,14.214332,19.626602,-5.412271,332010.85,2675914.44,879,0,252467,2741,14.724,2026-09-26 19:43,d9bac5e74ae9ff19,c0a78e120d6e948b
nifty50,0.0001,808,v1,tradeable,14.88654,19.626602,-4.740062,384510.18,2794772.57,706,0,252467,2741,14.724,2026-09-26 19:43,d9bac5e74ae9ff19,c0a78e120d6e948b
nifty50,0.0001,808,v2,tradeable,10.874396,19.626602,-8.752206,248554.33,2147905.96,875,0,252467,2741,14.724,2026-09-26 19:43,d9bac5e74ae9ff19,c0a78e120d6e948b
nifty50,0.0001,808,v3,tradeable,16.704951,19.626602,-2.921651,428733.95,3139464.67,674,0,252467,2741,14.724,2026-09-26 19:43,d9bac5e74ae9ff19,c0a78e120d6e948b
nifty50,0.0001,808,v4,tradeable,14.214332,19.626602,-5.412271,332010.85,2675914.44,879,0,252467,2741,14.724,2026-09-26 19:43,d9bac5e74ae9ff19,c0a78e120d6e948b
nifty50,0.0001,909,v1,research,14.907187,19.619613,-4.712426,409175.16,2798494.49,680,0,252467,2752,14.799,2026-09-26 19:52,d9bac5e74ae9ff19,c0a78e120d6e948b
nifty50,0.0001,909,v2,research,9.813955,19.619613,-9.805658,229709.81,2000345.83,853,0,252467,2752,14.799,2026-09-26 19:52,d9bac5e74ae9ff19,c0a78e120d6e948b
nifty50,0.0001,909,v3,research,18.104384,19.619613,-1.515229,529804.33,3429208.73,645,0,252467,2752,14.799,2026-09-26 19:52,d9bac5e74ae9ff19,c0a78e120d6e948b
nifty50,0.0001,909,v4,research,12.668446,19.619613,-6.951167,299712.01,2419034.01,853,0,252467,2752,14.799,2026-09-26 19:52,d9bac5e74ae9ff19,c0a78e120d6e948b
nifty50,0.0001,909,v1,tradeable,14.907187,19.619613,-4.712426,409175.16,2798494.49,680,0,252467,2752,14.799,2026-09-26 19:52,d9bac5e74ae9ff19,c0a78e120d6e948b
nifty50,0.0001,909,v2,tradeable,9.813955,19.619613,-9.805658,229709.81,2000345.83,853,0,252467,2752,14.799,2026-09-26 19:52,d9bac5e74ae9ff19,c0a78e120d6e948b
nifty50,0.0001,909,v3,tradeable,18.104384,19.619613,-1.515229,529804.33,3429208.73,645,0,252467,2752,14.799,2026-09-26 19:52,d9bac5e74ae9ff19,c0a78e120d6e948b
nifty50,0.0001,909,v4,tradeable,12.668446,19.619613,-6.951167,299712.01,2419034.01,853,0,252467,2752,14.799,2026-09-26 19:52,d9bac5e74ae9ff19,c0a78e120d6e948b
nifty50,0.0001,1010,v1,research,15.940858,19.619476,-3.678618,448392.5,2990393.2,666,0,252467,2758,14.882,2026-09-26 19:58,d9bac5e74ae9ff19,c0a78e120d6e948b
nifty50,0.0001,1010,v2,research,11.082759,19.619476,-8.536717,272613.61,2177980.33,872,0,252467,2758,14.882,2026-09-26 19:58,d9bac5e74ae9ff19,c0a78e120d6e948b
nifty50,0.0001,1010,v3,research,17.583463,19.619476,-2.036012,529043.76,3318763.64,636,0,252467,2758,14.882,2026-09-26 19:58,d9bac5e74ae9ff19,c0a78e120d6e948b
nifty50,0.0001,1010,v4,research,15.504873,19.619476,-4.114603,416431.81,2908109.55,872,0,252467,2758,14.882,2026-09-26 19:58,d9bac5e74ae9ff19,c0a78e120d6e948b
nifty50,0.0001,1010,v1,tradeable,15.940858,19.619476,-3.678618,448392.5,2990393.2,666,0,252467,2758,14.882,2026-09-26 19:58,d9bac5e74ae9ff19,c0a78e120d6e948b
nifty50,0.0001,1010,v2,tradeable,11.082759,19.619476,-8.536717,272613.61,2177980.33,872,0,252467,2758,14.882,2026-09-26 19:58,d9bac5e74ae9ff19,c0a78e120d6e948b
nifty50,0.0001,1010,v3,tradeable,17.583463,19.619476,-2.036012,529043.76,3318763.64,636,0,252467,2758,14.882,2026-09-26 19:58,d9bac5e74ae9ff19,c0a78e120d6e948b
nifty50,0.0001,1010,v4,tradeable,15.504873,19.619476,-4.114603,416431.81,2908109.55,872,0,252467,2758,14.882,2026-09-26 19:58,d9bac5e74ae9ff19,c0a78e120d6e948b
midcap100,0.0,0,v1,research,32.320554,24.476183,7.844372,1440996.67,7957159.3,702,0,389157,0,21.625,2026-09-26 18:42,d9bac5e74ae9ff19,c0a78e120d6e948b
midcap100,0.0,0,v2,research,24.487268,24.476183,0.011085,824569.97,5063892.37,898,0,389157,0,21.625,2026-09-26 18:42,d9bac5e74ae9ff19,c0a78e120d6e948b
midcap100,0.0,0,v3,research,30.896921,24.476183,6.420738,1312491.12,7344565.0,670,0,389157,0,21.625,2026-09-26 18:42,d9bac5e74ae9ff19,c0a78e120d6e948b
midcap100,0.0,0,v4,research,19.362026,24.476183,-5.114157,568307.7,3709045.92,898,0,389157,0,21.625,2026-09-26 18:42,d9bac5e74ae9ff19,c0a78e120d6e948b
midcap100,0.0,0,v1,tradeable,32.035354,24.476183,7.559172,1415974.75,7831017.1,706,1,389157,0,21.625,2026-09-26 18:42,d9bac5e74ae9ff19,c0a78e120d6e948b
midcap100,0.0,0,v2,tradeable,24.487268,24.476183,0.011085,824569.97,5063892.37,898,0,389157,0,21.625,2026-09-26 18:42,d9bac5e74ae9ff19,c0a78e120d6e948b
midcap100,0.0,0,v3,tradeable,30.853575,24.476183,6.377393,1308835.89,7326572.29,670,1,389157,0,21.625,2026-09-26 18:42,d9bac5e74ae9ff19,c0a78e120d6e948b
midcap100,0.0,0,v4,tradeable,19.362026,24.476183,-5.114157,568307.7,3709045.92,898,0,389157,0,21.625,2026-09-26 18:42,d9bac5e74ae9ff19,c0a78e120d6e948b
midcap100,0.0001,101,v1,research,32.601712,24.476167,8.125545,1526725.3,8083230.07,723,0,389157,9822,21.05,2026-09-26 20:14,d9bac5e74ae9ff19,c0a78e120d6e948b
midcap100,0.0001,101,v2,research,22.841423,24.476167,-1.634743,727289.27,4588573.96,913,0,389157,9822,21.05,2026-09-26 20:14,d9bac5e74ae9ff19,c0a78e120d6e948b
midcap100,0.0001,101,v3,research,28.968743,24.476167,4.492576,1152527.11,6580144.18,712,0,389157,9822,21.05,2026-09-26 20:14,d9bac5e74ae9ff19,c0a78e120d6e948b
midcap100,0.0001,101,v4,research,20.024512,24.476167,-4.451655,605063.09,3864241.23,909,0,389157,9822,21.05,2026-09-26 20:14,d9bac5e74ae9ff19,c0a78e120d6e948b
midcap100,0.0001,101,v1,tradeable,32.594521,24.476167,8.118354,1526050.03,8079984.32,723,1,389157,9822,21.05,2026-09-26 20:14,d9bac5e74ae9ff19,c0a78e120d6e948b
midcap100,0.0001,101,v2,tradeable,22.841423,24.476167,-1.634743,727289.27,4588573.96,913,0,389157,9822,21.05,2026-09-26 20:14,d9bac5e74ae9ff19,c0a78e120d6e948b
midcap100,0.0001,101,v3,tradeable,28.863767,24.476167,4.3876,1145791.38,6540581.4,712,1,389157,9822,21.05,2026-09-26 20:14,d9bac5e74ae9ff19,c0a78e120d6e948b
midcap100,0.0001,101,v4,tradeable,20.024512,24.476167,-4.451655,605063.09,3864241.23,909,0,389157,9822,21.05,2026-09-26 20:14,d9bac5e74ae9ff19,c0a78e120d6e948b
midcap100,0.0001,202,v1,research,31.676743,24.476277,7.200466,1359972.55,7674862.91,718,0,389157,9819,21.401,2026-09-26 20:20,d9bac5e74ae9ff19,c0a78e120d6e948b
midcap100,0.0001,202,v2,research,23.227952,24.476277,-1.248324,744987.9,4696585.84,914,0,389157,9819,21.401,2026-09-26 20:20,d9bac5e74ae9ff19,c0a78e120d6e948b
midcap100,0.0001,202,v3,research,30.672632,24.476277,6.196356,1292763.14,7251873.86,720,0,389157,9819,21.401,2026-09-26 20:20,d9bac5e74ae9ff19,c0a78e120d6e948b
midcap100,0.0001,202,v4,research,22.357563,24.476277,-2.118714,712997.67,4456397.12,910,0,389157,9819,21.401,2026-09-26 20:20,d9bac5e74ae9ff19,c0a78e120d6e948b
midcap100,0.0001,202,v1,tradeable,31.637429,24.476277,7.161153,1356637.08,7657909.23,718,1,389157,9819,21.401,2026-09-26 20:20,d9bac5e74ae9ff19,c0a78e120d6e948b
midcap100,0.0001,202,v2,tradeable,23.227952,24.476277,-1.248324,744987.9,4696585.84,914,0,389157,9819,21.401,2026-09-26 20:20,d9bac5e74ae9ff19,c0a78e120d6e948b
midcap100,0.0001,202,v3,tradeable,30.653873,24.476277,6.177596,1291238.13,7244167.14,722,1,389157,9819,21.401,2026-09-26 20:20,d9bac5e74ae9ff19,c0a78e120d6e948b
midcap100,0.0001,202,v4,tradeable,22.357563,24.476277,-2.118714,712997.67,4456397.12,910,0,389157,9819,21.401,2026-09-26 20:20,d9bac5e74ae9ff19,c0a78e120d6e948b
midcap100,0.0001,303,v1,research,27.276423,24.476479,2.799944,1059596.86,5966937.71,744,0,389157,9811,21.512,2026-09-26 20:35,d9bac5e74ae9ff19,c0a78e120d6e948b
midcap100,0.0001,303,v2,research,21.629249,24.476479,-2.847231,664628.72,4263653.9,920,0,389157,9811,21.512,2026-09-26 20:35,d9bac5e74ae9ff19,c0a78e120d6e948b
midcap100,0.0001,303,v3,research,31.511423,24.476479,7.034943,1383114.07,7603787.74,714,0,389157,9811,21.512,2026-09-26 20:35,d9bac5e74ae9ff19,c0a78e120d6e948b
midcap100,0.0001,303,v4,research,20.211486,24.476479,-4.264993,622167.65,3909045.66,918,0,389157,9811,21.512,2026-09-26 20:35,d9bac5e74ae9ff19,c0a78e120d6e948b
midcap100,0.0001,303,v1,tradeable,27.276281,24.476479,2.799802,1059591.21,5966888.5,744,1,389157,9811,21.512,2026-09-26 20:35,d9bac5e74ae9ff19,c0a78e120d6e948b
midcap100,0.0001,303,v2,tradeable,21.629249,24.476479,-2.847231,664628.72,4263653.9,920,0,389157,9811,21.512,2026-09-26 20:35,d9bac5e74ae9ff19,c0a78e120d6e948b
midcap100,0.0001,303,v3,tradeable,31.410015,24.476479,6.933536,1374265.28,7560472.52,716,1,389157,9811,21.512,2026-09-26 20:35,d9bac5e74ae9ff19,c0a78e120d6e948b
midcap100,0.0001,303,v4,tradeable,20.211486,24.476479,-4.264993,622167.65,3909045.66,918,0,389157,9811,21.512,2026-09-26 20:35,d9bac5e74ae9ff19,c0a78e120d6e948b
midcap100,0.0001,404,v1,research,28.975375,24.476241,4.499134,1137454.19,6582650.35,718,0,389157,9783,21.279,2026-09-26 20:41,d9bac5e74ae9ff19,c0a78e120d6e948b
midcap100,0.0001,404,v2,research,21.756731,24.476241,-2.71951,656977.25,4296860.93,905,0,389157,9783,21.279,2026-09-26 20:41,d9bac5e74ae9ff19,c0a78e120d6e948b
midcap100,0.0001,404,v3,research,33.492125,24.476241,9.015884,1530972.46,8493960.89,734,0,389157,9783,21.279,2026-09-26 20:41,d9bac5e74ae9ff19,c0a78e120d6e948b
midcap100,0.0001,404,v4,research,21.293609,24.476241,-3.182632,643173.53,4177284.96,917,0,389157,9783,21.279,2026-09-26 20:41,d9bac5e74ae9ff19,c0a78e120d6e948b
midcap100,0.0001,404,v1,tradeable,28.974458,24.476241,4.498217,1137445.92,6582303.97,718,1,389157,9783,21.279,2026-09-26 20:41,d9bac5e74ae9ff19,c0a78e120d6e948b
midcap100,0.0001,404,v2,tradeable,21.756731,24.476241,-2.71951,656977.25,4296860.93,905,0,389157,9783,21.279,2026-09-26 20:41,d9bac5e74ae9ff19,c0a78e120d6e948b
midcap100,0.0001,404,v3,tradeable,33.492125,24.476241,9.015884,1530972.46,8493960.89,734,1,389157,9783,21.279,2026-09-26 20:41,d9bac5e74ae9ff19,c0a78e120d6e948b
midcap100,0.0001,404,v4,tradeable,21.293609,24.476241,-3.182632,643173.53,4177284.96,917,0,389157,9783,21.279,2026-09-26 20:41,d9bac5e74ae9ff19,c0a78e120d6e948b
midcap100,0.0001,505,v1,research,30.887769,24.476693,6.411076,1276157.12,7340762.97,692,0,389157,9840,21.047,2026-09-26 20:56,d9bac5e74ae9ff19,c0a78e120d6e948b
midcap100,0.0001,505,v2,research,23.547623,24.476693,-0.92907,755362.55,4787569.38,912,0,389157,9840,21.047,2026-09-26 20:56,d9bac5e74ae9ff19,c0a78e120d6e948b
midcap100,0.0001,505,v3,research,36.487057,24.476693,12.010364,1826516.55,10010875.85,692,0,389157,9840,21.047,2026-09-26 20:56,d9bac5e74ae9ff19,c0a78e120d6e948b
midcap100,0.0001,505,v4,research,22.481437,24.476693,-1.995256,714360.88,4489918.18,902,0,389157,9840,21.047,2026-09-26 20:56,d9bac5e74ae9ff19,c0a78e120d6e948b
midcap100,0.0001,505,v1,tradeable,31.049151,24.476693,6.572458,1289357.37,7408058.91,692,1,389157,9840,21.047,2026-09-26 20:56,d9bac5e74ae9ff19,c0a78e120d6e948b
midcap100,0.0001,505,v2,tradeable,23.547623,24.476693,-0.92907,755362.55,4787569.38,912,0,389157,9840,21.047,2026-09-26 20:56,d9bac5e74ae9ff19,c0a78e120d6e948b
midcap100,0.0001,505,v3,tradeable,36.487057,24.476693,12.010364,1826516.55,10010875.85,692,1,389157,9840,21.047,2026-09-26 20:56,d9bac5e74ae9ff19,c0a78e120d6e948b
midcap100,0.0001,505,v4,tradeable,22.481437,24.476693,-1.995256,714360.88,4489918.18,902,0,389157,9840,21.047,2026-09-26 20:56,d9bac5e74ae9ff19,c0a78e120d6e948b
midcap100,0.0001,606,v1,research,28.87421,24.476426,4.397784,1176629.91,6544507.98,698,0,389157,9779,21.069,2026-09-26 21:02,d9bac5e74ae9ff19,c0a78e120d6e948b
midcap100,0.0001,606,v2,research,21.646512,24.476426,-2.829914,668904.61,4268137.7,904,0,389157,9779,21.069,2026-09-26 21:02,d9bac5e74ae9ff19,c0a78e120d6e948b
midcap100,0.0001,606,v3,research,30.553377,24.476426,6.076951,1266111.13,7203002.97,678,0,389157,9779,21.069,2026-09-26 21:02,d9bac5e74ae9ff19,c0a78e120d6e948b
midcap100,0.0001,606,v4,research,21.205438,24.476426,-3.270988,647559.77,4154848.87,898,0,389157,9779,21.069,2026-09-26 21:02,d9bac5e74ae9ff19,c0a78e120d6e948b
midcap100,0.0001,606,v1,tradeable,28.872988,24.476426,4.396561,1176517.16,6544048.32,698,1,389157,9779,21.069,2026-09-26 21:02,d9bac5e74ae9ff19,c0a78e120d6e948b
midcap100,0.0001,606,v2,tradeable,21.646512,24.476426,-2.829914,668904.61,4268137.7,904,0,389157,9779,21.069,2026-09-26 21:02,d9bac5e74ae9ff19,c0a78e120d6e948b
midcap100,0.0001,606,v3,tradeable,30.661099,24.476426,6.184673,1274585.47,7247135.09,676,1,389157,9779,21.069,2026-09-26 21:02,d9bac5e74ae9ff19,c0a78e120d6e948b
midcap100,0.0001,606,v4,tradeable,21.205438,24.476426,-3.270988,647559.77,4154848.87,898,0,389157,9779,21.069,2026-09-26 21:02,d9bac5e74ae9ff19,c0a78e120d6e948b
midcap100,0.0001,707,v1,research,27.875896,24.476316,3.39958,1078313.12,6178241.9,728,0,389157,9731,21.15,2026-09-26 21:17,d9bac5e74ae9ff19,c0a78e120d6e948b
midcap100,0.0001,707,v2,research,19.552098,24.476316,-4.924218,557410.61,3753010.94,932,0,389157,9731,21.15,2026-09-26 21:17,d9bac5e74ae9ff19,c0a78e120d6e948b
midcap100,0.0001,707,v3,research,28.123225,24.476316,3.646909,1107256.35,6267288.81,706,0,389157,9731,21.15,2026-09-26 21:17,d9bac5e74ae9ff19,c0a78e120d6e948b
midcap100,0.0001,707,v4,research,20.713876,24.476316,-3.76244,625506.06,4031665.6,930,0,389157,9731,21.15,2026-09-26 21:17,d9bac5e74ae9ff19,c0a78e120d6e948b
midcap100,0.0001,707,v1,tradeable,27.873216,24.476316,3.3969,1078182.74,6177282.95,728,1,389157,9731,21.15,2026-09-26 21:17,d9bac5e74ae9ff19,c0a78e120d6e948b
midcap100,0.0001,707,v2,tradeable,19.552098,24.476316,-4.924218,557410.61,3753010.94,932,0,389157,9731,21.15,2026-09-26 21:17,d9bac5e74ae9ff19,c0a78e120d6e948b
midcap100,0.0001,707,v3,tradeable,28.449808,24.476316,3.973492,1130214.43,6386569.71,700,1,389157,9731,21.15,2026-09-26 21:17,d9bac5e74ae9ff19,c0a78e120d6e948b
midcap100,0.0001,707,v4,tradeable,20.713876,24.476316,-3.76244,625506.06,4031665.6,930,0,389157,9731,21.15,2026-09-26 21:17,d9bac5e74ae9ff19,c0a78e120d6e948b
midcap100,0.0001,808,v1,research,32.03557,24.476285,7.559285,1444422.72,7831111.72,740,0,389157,9778,21.53,2026-09-26 21:24,d9bac5e74ae9ff19,c0a78e120d6e948b
midcap100,0.0001,808,v2,research,24.428526,24.476285,-0.047759,815634.3,5046222.59,915,0,389157,9778,21.53,2026-09-26 21:24,d9bac5e74ae9ff19,c0a78e120d6e948b
midcap100,0.0001,808,v3,research,28.383216,24.476285,3.906931,1133370.61,6362089.42,740,0,389157,9778,21.53,2026-09-26 21:24,d9bac5e74ae9ff19,c0a78e120d6e948b
midcap100,0.0001,808,v4,research,22.845989,24.476285,-1.630296,742277.94,4589837.02,911,0,389157,9778,21.53,2026-09-26 21:24,d9bac5e74ae9ff19,c0a78e120d6e948b
midcap100,0.0001,808,v1,tradeable,32.173716,24.476285,7.697431,1459914.75,7891995.84,744,1,389157,9778,21.53,2026-09-26 21:24,d9bac5e74ae9ff19,c0a78e120d6e948b
midcap100,0.0001,808,v2,tradeable,24.428526,24.476285,-0.047759,815634.3,5046222.59,915,0,389157,9778,21.53,2026-09-26 21:24,d9bac5e74ae9ff19,c0a78e120d6e948b
midcap100,0.0001,808,v3,tradeable,28.273295,24.476285,3.797011,1125728.23,6321858.87,736,1,389157,9778,21.53,2026-09-26 21:24,d9bac5e74ae9ff19,c0a78e120d6e948b
midcap100,0.0001,808,v4,tradeable,22.845989,24.476285,-1.630296,742277.94,4589837.02,911,0,389157,9778,21.53,2026-09-26 21:24,d9bac5e74ae9ff19,c0a78e120d6e948b
midcap100,0.0001,909,v1,research,32.163849,24.476086,7.687763,1429966.36,7887633.82,739,0,389157,9831,21.369,2026-09-26 21:39,d9bac5e74ae9ff19,c0a78e120d6e948b
midcap100,0.0001,909,v2,research,23.997573,24.476086,-0.478513,795177.8,4918214.03,915,0,389157,9831,21.369,2026-09-26 21:39,d9bac5e74ae9ff19,c0a78e120d6e948b
midcap100,0.0001,909,v3,research,31.605063,24.476086,7.128977,1420668.4,7643976.01,728,0,389157,9831,21.369,2026-09-26 21:39,d9bac5e74ae9ff19,c0a78e120d6e948b
midcap100,0.0001,909,v4,research,24.847274,24.476086,0.371188,844322.93,5173356.39,919,0,389157,9831,21.369,2026-09-26 21:39,d9bac5e74ae9ff19,c0a78e120d6e948b
midcap100,0.0001,909,v1,tradeable,32.100165,24.476086,7.624079,1424371.09,7859529.36,739,1,389157,9831,21.369,2026-09-26 21:39,d9bac5e74ae9ff19,c0a78e120d6e948b
midcap100,0.0001,909,v2,tradeable,23.997573,24.476086,-0.478513,795177.8,4918214.03,915,0,389157,9831,21.369,2026-09-26 21:39,d9bac5e74ae9ff19,c0a78e120d6e948b
midcap100,0.0001,909,v3,tradeable,31.57346,24.476086,7.097374,1417849.42,7630392.26,730,1,389157,9831,21.369,2026-09-26 21:39,d9bac5e74ae9ff19,c0a78e120d6e948b
midcap100,0.0001,909,v4,tradeable,24.847274,24.476086,0.371188,844322.93,5173356.39,919,0,389157,9831,21.369,2026-09-26 21:39,d9bac5e74ae9ff19,c0a78e120d6e948b
midcap100,0.0001,1010,v1,research,27.55741,24.476592,3.080818,1032312.83,6065189.0,724,0,389157,9787,20.963,2026-09-26 21:45,d9bac5e74ae9ff19,c0a78e120d6e948b
midcap100,0.0001,1010,v2,research,21.559285,24.476592,-2.917307,641019.23,4245524.13,900,0,389157,9787,20.963,2026-09-26 21:45,d9bac5e74ae9ff19,c0a78e120d6e948b
midcap100,0.0001,1010,v3,research,27.255405,24.476592,2.778813,1009929.56,5959644.02,676,0,389157,9787,20.963,2026-09-26 21:45,d9bac5e74ae9ff19,c0a78e120d6e948b
midcap100,0.0001,1010,v4,research,18.670341,24.476592,-5.806251,528785.9,3552792.3,898,0,389157,9787,20.963,2026-09-26 21:45,d9bac5e74ae9ff19,c0a78e120d6e948b
midcap100,0.0001,1010,v1,tradeable,27.55741,24.476592,3.080818,1032312.83,6065189.0,724,1,389157,9787,20.963,2026-09-26 21:45,d9bac5e74ae9ff19,c0a78e120d6e948b
midcap100,0.0001,1010,v2,tradeable,21.559285,24.476592,-2.917307,641019.23,4245524.13,900,0,389157,9787,20.963,2026-09-26 21:45,d9bac5e74ae9ff19,c0a78e120d6e948b
midcap100,0.0001,1010,v3,tradeable,27.255405,24.476592,2.778813,1009929.56,5959644.02,676,1,389157,9787,20.963,2026-09-26 21:45,d9bac5e74ae9ff19,c0a78e120d6e948b
midcap100,0.0001,1010,v4,tradeable,18.670341,24.476592,-5.806251,528785.9,3552792.3,898,0,389157,9787,20.963,2026-09-26 21:45,d9bac5e74ae9ff19,c0a78e120d6e948b
midcap50,0.0,0,v1,research,25.209957,25.97387,-0.763913,900477.93,5285698.03,668,0,201371,0,11.131,2026-09-26 21:50,d9bac5e74ae9ff19,c0a78e120d6e948b
midcap50,0.0,0,v2,research,17.805918,25.97387,-8.167952,481806.63,3365545.87,865,0,201371,0,11.131,2026-09-26 21:50,d9bac5e74ae9ff19,c0a78e120d6e948b
midcap50,0.0,0,v3,research,22.059167,25.97387,-3.914703,697129.93,4376536.55,654,0,201371,0,11.131,2026-09-26 21:50,d9bac5e74ae9ff19,c0a78e120d6e948b
midcap50,0.0,0,v4,research,16.384808,25.97387,-9.589062,432098.86,3076241.8,861,0,201371,0,11.131,2026-09-26 21:50,d9bac5e74ae9ff19,c0a78e120d6e948b
midcap50,0.0,0,v1,tradeable,25.209957,25.97387,-0.763913,900477.93,5285698.03,668,0,201371,0,11.131,2026-09-26 21:50,d9bac5e74ae9ff19,c0a78e120d6e948b
midcap50,0.0,0,v2,tradeable,17.805918,25.97387,-8.167952,481806.63,3365545.87,865,0,201371,0,11.131,2026-09-26 21:50,d9bac5e74ae9ff19,c0a78e120d6e948b
midcap50,0.0,0,v3,tradeable,22.059167,25.97387,-3.914703,697129.93,4376536.55,654,0,201371,0,11.131,2026-09-26 21:50,d9bac5e74ae9ff19,c0a78e120d6e948b
midcap50,0.0,0,v4,tradeable,16.384808,25.97387,-9.589062,432098.86,3076241.8,861,0,201371,0,11.131,2026-09-26 21:50,d9bac5e74ae9ff19,c0a78e120d6e948b
midcap50,0.0001,101,v1,research,23.427495,25.97418,-2.546685,767761.59,4753201.73,650,0,201371,4824,11.21,2026-09-26 22:01,d9bac5e74ae9ff19,c0a78e120d6e948b
midcap50,0.0001,101,v2,research,17.599861,25.97418,-8.374318,483665.12,3322192.81,858,0,201371,4824,11.21,2026-09-26 22:01,d9bac5e74ae9ff19,c0a78e120d6e948b
midcap50,0.0001,101,v3,research,25.91709,25.97418,-0.05709,934976.75,5510813.95,656,0,201371,4824,11.21,2026-09-26 22:01,d9bac5e74ae9ff19,c0a78e120d6e948b
midcap50,0.0001,101,v4,research,16.562505,25.97418,-9.411675,434858.5,3111196.49,870,0,201371,4824,11.21,2026-09-26 22:01,d9bac5e74ae9ff19,c0a78e120d6e948b
midcap50,0.0001,101,v1,tradeable,23.427495,25.97418,-2.546685,767761.59,4753201.73,650,0,201371,4824,11.21,2026-09-26 22:01,d9bac5e74ae9ff19,c0a78e120d6e948b
midcap50,0.0001,101,v2,tradeable,17.599861,25.97418,-8.374318,483665.12,3322192.81,858,0,201371,4824,11.21,2026-09-26 22:01,d9bac5e74ae9ff19,c0a78e120d6e948b
midcap50,0.0001,101,v3,tradeable,25.91709,25.97418,-0.05709,934976.75,5510813.95,656,0,201371,4824,11.21,2026-09-26 22:01,d9bac5e74ae9ff19,c0a78e120d6e948b
midcap50,0.0001,101,v4,tradeable,16.562505,25.97418,-9.411675,434858.5,3111196.49,870,0,201371,4824,11.21,2026-09-26 22:01,d9bac5e74ae9ff19,c0a78e120d6e948b
midcap50,0.0001,202,v1,research,25.567212,25.973936,-0.406724,886667.7,5398415.1,633,0,201371,4807,11.125,2026-09-26 22:13,d9bac5e74ae9ff19,c0a78e120d6e948b
midcap50,0.0001,202,v2,research,16.227209,25.973936,-9.746727,411984.01,3045525.31,864,0,201371,4807,11.125,2026-09-26 22:13,d9bac5e74ae9ff19,c0a78e120d6e948b
midcap50,0.0001,202,v3,research,23.379946,25.973936,-2.59399,789881.57,4739657.61,632,0,201371,4807,11.125,2026-09-26 22:13,d9bac5e74ae9ff19,c0a78e120d6e948b
midcap50,0.0001,202,v4,research,14.329226,25.973936,-11.64471,359077.02,2695914.38,868,0,201371,4807,11.125,2026-09-26 22:13,d9bac5e74ae9ff19,c0a78e120d6e948b
midcap50,0.0001,202,v1,tradeable,25.567212,25.973936,-0.406724,886667.7,5398415.1,633,0,201371,4807,11.125,2026-09-26 22:13,d9bac5e74ae9ff19,c0a78e120d6e948b
midcap50,0.0001,202,v2,tradeable,16.227209,25.973936,-9.746727,411984.01,3045525.31,864,0,201371,4807,11.125,2026-09-26 22:13,d9bac5e74ae9ff19,c0a78e120d6e948b
midcap50,0.0001,202,v3,tradeable,23.379946,25.973936,-2.59399,789881.57,4739657.61,632,0,201371,4807,11.125,2026-09-26 22:13,d9bac5e74ae9ff19,c0a78e120d6e948b
midcap50,0.0001,202,v4,tradeable,14.329226,25.973936,-11.64471,359077.02,2695914.38,868,0,201371,4807,11.125,2026-09-26 22:13,d9bac5e74ae9ff19,c0a78e120d6e948b
midcap50,0.0001,303,v1,research,27.495222,25.974095,1.521127,1015984.49,6043324.37,642,0,201371,4775,10.906,2026-09-26 22:23,d9bac5e74ae9ff19,c0a78e120d6e948b
midcap50,0.0001,303,v2,research,17.110803,25.974095,-8.863292,436801.51,3221226.65,854,0,201371,4775,10.906,2026-09-26 22:23,d9bac5e74ae9ff19,c0a78e120d6e948b
midcap50,0.0001,303,v3,research,28.141315,25.974095,2.16722,1070845.42,6273845.29,654,0,201371,4775,10.906,2026-09-26 22:23,d9bac5e74ae9ff19,c0a78e120d6e948b
midcap50,0.0001,303,v4,research,15.291329,25.974095,-10.682766,370447.67,2868526.92,856,0,201371,4775,10.906,2026-09-26 22:23,d9bac5e74ae9ff19,c0a78e120d6e948b
midcap50,0.0001,303,v1,tradeable,27.495222,25.974095,1.521127,1015984.49,6043324.37,642,0,201371,4775,10.906,2026-09-26 22:23,d9bac5e74ae9ff19,c0a78e120d6e948b
midcap50,0.0001,303,v2,tradeable,17.110803,25.974095,-8.863292,436801.51,3221226.65,854,0,201371,4775,10.906,2026-09-26 22:23,d9bac5e74ae9ff19,c0a78e120d6e948b
midcap50,0.0001,303,v3,tradeable,28.141315,25.974095,2.16722,1070845.42,6273845.29,654,0,201371,4775,10.906,2026-09-26 22:23,d9bac5e74ae9ff19,c0a78e120d6e948b
midcap50,0.0001,303,v4,tradeable,15.291329,25.974095,-10.682766,370447.67,2868526.92,856,0,201371,4775,10.906,2026-09-26 22:23,d9bac5e74ae9ff19,c0a78e120d6e948b
midcap50,0.0001,404,v1,research,22.191205,25.974391,-3.783185,678616.22,4411720.34,643,0,201371,4783,11.032,2026-09-26 22:24,d9bac5e74ae9ff19,c0a78e120d6e948b
midcap50,0.0001,404,v2,research,16.363736,25.974391,-9.610654,419218.87,3072119.39,880,0,201371,4783,11.032,2026-09-26 22:24,d9bac5e74ae9ff19,c0a78e120d6e948b
midcap50,0.0001,404,v3,research,19.627048,25.974391,-6.347342,559829.1,3770470.9,626,0,201371,4783,11.032,2026-09-26 22:24,d9bac5e74ae9ff19,c0a78e120d6e948b
midcap50,0.0001,404,v4,research,15.037274,25.974391,-10.937116,390118.32,2822043.02,886,0,201371,4783,11.032,2026-09-26 22:24,d9bac5e74ae9ff19,c0a78e120d6e948b
midcap50,0.0001,404,v1,tradeable,22.191205,25.974391,-3.783185,678616.22,4411720.34,643,0,201371,4783,11.032,2026-09-26 22:24,d9bac5e74ae9ff19,c0a78e120d6e948b
midcap50,0.0001,404,v2,tradeable,16.363736,25.974391,-9.610654,419218.87,3072119.39,880,0,201371,4783,11.032,2026-09-26 22:24,d9bac5e74ae9ff19,c0a78e120d6e948b
midcap50,0.0001,404,v3,tradeable,19.627048,25.974391,-6.347342,559829.1,3770470.9,626,0,201371,4783,11.032,2026-09-26 22:24,d9bac5e74ae9ff19,c0a78e120d6e948b
midcap50,0.0001,404,v4,tradeable,15.037274,25.974391,-10.937116,390118.32,2822043.02,886,0,201371,4783,11.032,2026-09-26 22:24,d9bac5e74ae9ff19,c0a78e120d6e948b
midcap50,0.0001,505,v1,research,24.498329,25.974216,-1.475887,798421.1,5067225.41,613,0,201371,4828,10.947,2026-09-26 22:34,d9bac5e74ae9ff19,c0a78e120d6e948b
midcap50,0.0001,505,v2,research,19.610377,25.974216,-6.363839,549336.03,3766581.22,850,0,201371,4828,10.947,2026-09-26 22:34,d9bac5e74ae9ff19,c0a78e120d6e948b
midcap50,0.0001,505,v3,research,23.500187,25.974216,-2.474028,776860.0,4773972.93,618,0,201371,4828,10.947,2026-09-26 22:34,d9bac5e74ae9ff19,c0a78e120d6e948b
midcap50,0.0001,505,v4,research,18.364157,25.974216,-7.610058,489288.88,3485463.64,854,0,201371,4828,10.947,2026-09-26 22:34,d9bac5e74ae9ff19,c0a78e120d6e948b
midcap50,0.0001,505,v1,tradeable,24.498329,25.974216,-1.475887,798421.1,5067225.41,613,0,201371,4828,10.947,2026-09-26 22:34,d9bac5e74ae9ff19,c0a78e120d6e948b
midcap50,0.0001,505,v2,tradeable,19.610377,25.974216,-6.363839,549336.03,3766581.22,850,0,201371,4828,10.947,2026-09-26 22:34,d9bac5e74ae9ff19,c0a78e120d6e948b
midcap50,0.0001,505,v3,tradeable,23.500187,25.974216,-2.474028,776860.0,4773972.93,618,0,201371,4828,10.947,2026-09-26 22:34,d9bac5e74ae9ff19,c0a78e120d6e948b
midcap50,0.0001,505,v4,tradeable,18.364157,25.974216,-7.610058,489288.88,3485463.64,854,0,201371,4828,10.947,2026-09-26 22:34,d9bac5e74ae9ff19,c0a78e120d6e948b
midcap50,0.0001,606,v1,research,21.008108,25.974813,-4.966706,661431.16,4105013.1,646,0,201371,4786,10.959,2026-09-26 22:35,d9bac5e74ae9ff19,c0a78e120d6e948b
midcap50,0.0001,606,v2,research,17.387235,25.974813,-8.587578,475914.41,3277964.75,876,0,201371,4786,10.959,2026-09-26 22:35,d9bac5e74ae9ff19,c0a78e120d6e948b
midcap50,0.0001,606,v3,research,21.056761,25.974813,-4.918053,656394.57,4117252.11,652,0,201371,4786,10.959,2026-09-26 22:35,d9bac5e74ae9ff19,c0a78e120d6e948b
midcap50,0.0001,606,v4,research,15.475749,25.974813,-10.499064,419097.57,2902683.43,876,0,201371,4786,10.959,2026-09-26 22:35,d9bac5e74ae9ff19,c0a78e120d6e948b
midcap50,0.0001,606,v1,tradeable,21.008108,25.974813,-4.966706,661431.16,4105013.1,646,0,201371,4786,10.959,2026-09-26 22:35,d9bac5e74ae9ff19,c0a78e120d6e948b
midcap50,0.0001,606,v2,tradeable,17.387235,25.974813,-8.587578,475914.41,3277964.75,876,0,201371,4786,10.959,2026-09-26 22:35,d9bac5e74ae9ff19,c0a78e120d6e948b
midcap50,0.0001,606,v3,tradeable,21.056761,25.974813,-4.918053,656394.57,4117252.11,652,0,201371,4786,10.959,2026-09-26 22:35,d9bac5e74ae9ff19,c0a78e120d6e948b
midcap50,0.0001,606,v4,tradeable,15.475749,25.974813,-10.499064,419097.57,2902683.43,876,0,201371,4786,10.959,2026-09-26 22:35,d9bac5e74ae9ff19,c0a78e120d6e948b
midcap50,0.0001,707,v1,research,23.966398,25.973836,-2.007438,791685.48,4909063.95,605,0,201371,4836,11.304,2026-09-26 22:45,d9bac5e74ae9ff19,c0a78e120d6e948b
midcap50,0.0001,707,v2,research,16.339242,25.973836,-9.634594,416079.01,3067333.5,855,0,201371,4836,11.304,2026-09-26 22:45,d9bac5e74ae9ff19,c0a78e120d6e948b
midcap50,0.0001,707,v3,research,20.833411,25.973836,-5.140425,650657.75,4061325.84,622,0,201371,4836,11.304,2026-09-26 22:45,d9bac5e74ae9ff19,c0a78e120d6e948b
midcap50,0.0001,707,v4,research,13.221404,25.973836,-12.752432,330735.9,2508352.73,859,0,201371,4836,11.304,2026-09-26 22:45,d9bac5e74ae9ff19,c0a78e120d6e948b
midcap50,0.0001,707,v1,tradeable,23.966398,25.973836,-2.007438,791685.48,4909063.95,605,0,201371,4836,11.304,2026-09-26 22:45,d9bac5e74ae9ff19,c0a78e120d6e948b
midcap50,0.0001,707,v2,tradeable,16.339242,25.973836,-9.634594,416079.01,3067333.5,855,0,201371,4836,11.304,2026-09-26 22:45,d9bac5e74ae9ff19,c0a78e120d6e948b
midcap50,0.0001,707,v3,tradeable,20.833411,25.973836,-5.140425,650657.75,4061325.84,622,0,201371,4836,11.304,2026-09-26 22:45,d9bac5e74ae9ff19,c0a78e120d6e948b
midcap50,0.0001,707,v4,tradeable,13.221404,25.973836,-12.752432,330735.9,2508352.73,859,0,201371,4836,11.304,2026-09-26 22:45,d9bac5e74ae9ff19,c0a78e120d6e948b
midcap50,0.0001,808,v1,research,21.533636,25.973409,-4.439773,619961.2,4238894.36,623,0,201371,4810,11.382,2026-09-26 22:46,d9bac5e74ae9ff19,c0a78e120d6e948b
midcap50,0.0001,808,v2,research,17.608666,25.973409,-8.364743,456428.72,3324035.25,867,0,201371,4810,11.382,2026-09-26 22:46,d9bac5e74ae9ff19,c0a78e120d6e948b
midcap50,0.0001,808,v3,research,20.48274,25.973409,-5.490669,576031.48,3974844.57,644,0,201371,4810,11.382,2026-09-26 22:46,d9bac5e74ae9ff19,c0a78e120d6e948b
midcap50,0.0001,808,v4,research,14.490947,25.973409,-11.482462,356472.94,2724284.35,871,0,201371,4810,11.382,2026-09-26 22:46,d9bac5e74ae9ff19,c0a78e120d6e948b
midcap50,0.0001,808,v1,tradeable,21.533636,25.973409,-4.439773,619961.2,4238894.36,623,0,201371,4810,11.382,2026-09-26 22:46,d9bac5e74ae9ff19,c0a78e120d6e948b
midcap50,0.0001,808,v2,tradeable,17.608666,25.973409,-8.364743,456428.72,3324035.25,867,0,201371,4810,11.382,2026-09-26 22:46,d9bac5e74ae9ff19,c0a78e120d6e948b
midcap50,0.0001,808,v3,tradeable,20.48274,25.973409,-5.490669,576031.48,3974844.57,644,0,201371,4810,11.382,2026-09-26 22:46,d9bac5e74ae9ff19,c0a78e120d6e948b
midcap50,0.0001,808,v4,tradeable,14.490947,25.973409,-11.482462,356472.94,2724284.35,871,0,201371,4810,11.382,2026-09-26 22:46,d9bac5e74ae9ff19,c0a78e120d6e948b
midcap50,0.0001,909,v1,research,24.302255,25.973994,-1.671739,806971.4,5008420.69,665,0,201371,4837,11.409,2026-09-26 22:57,d9bac5e74ae9ff19,c0a78e120d6e948b
midcap50,0.0001,909,v2,research,18.331666,25.973994,-7.642328,491048.64,3478384.2,902,0,201371,4837,11.409,2026-09-26 22:57,d9bac5e74ae9ff19,c0a78e120d6e948b
midcap50,0.0001,909,v3,research,20.835484,25.973994,-5.13851,634078.72,4061842.1,678,0,201371,4837,11.409,2026-09-26 22:57,d9bac5e74ae9ff19,c0a78e120d6e948b
midcap50,0.0001,909,v4,research,15.596486,25.973994,-10.377508,390009.99,2925235.3,902,0,201371,4837,11.409,2026-09-26 22:57,d9bac5e74ae9ff19,c0a78e120d6e948b
midcap50,0.0001,909,v1,tradeable,24.302255,25.973994,-1.671739,806971.4,5008420.69,665,0,201371,4837,11.409,2026-09-26 22:57,d9bac5e74ae9ff19,c0a78e120d6e948b
midcap50,0.0001,909,v2,tradeable,18.331666,25.973994,-7.642328,491048.64,3478384.2,902,0,201371,4837,11.409,2026-09-26 22:57,d9bac5e74ae9ff19,c0a78e120d6e948b
midcap50,0.0001,909,v3,tradeable,20.835484,25.973994,-5.13851,634078.72,4061842.1,678,0,201371,4837,11.409,2026-09-26 22:57,d9bac5e74ae9ff19,c0a78e120d6e948b
midcap50,0.0001,909,v4,tradeable,15.596486,25.973994,-10.377508,390009.99,2925235.3,902,0,201371,4837,11.409,2026-09-26 22:57,d9bac5e74ae9ff19,c0a78e120d6e948b
midcap50,0.0001,1010,v1,research,20.514022,25.973741,-5.459719,627468.92,3982493.86,680,0,201371,4759,11.445,2026-09-26 22:58,d9bac5e74ae9ff19,c0a78e120d6e948b
midcap50,0.0001,1010,v2,research,17.799287,25.973741,-8.174454,481717.29,3364143.11,886,0,201371,4759,11.445,2026-09-26 22:58,d9bac5e74ae9ff19,c0a78e120d6e948b
midcap50,0.0001,1010,v3,research,20.785609,25.973741,-5.188132,616779.86,4049442.26,684,0,201371,4759,11.445,2026-09-26 22:58,d9bac5e74ae9ff19,c0a78e120d6e948b
midcap50,0.0001,1010,v4,research,16.822977,25.973741,-9.150764,451753.04,3163054.61,888,0,201371,4759,11.445,2026-09-26 22:58,d9bac5e74ae9ff19,c0a78e120d6e948b
midcap50,0.0001,1010,v1,tradeable,20.514022,25.973741,-5.459719,627468.92,3982493.86,680,0,201371,4759,11.445,2026-09-26 22:58,d9bac5e74ae9ff19,c0a78e120d6e948b
midcap50,0.0001,1010,v2,tradeable,17.799287,25.973741,-8.174454,481717.29,3364143.11,886,0,201371,4759,11.445,2026-09-26 22:58,d9bac5e74ae9ff19,c0a78e120d6e948b
midcap50,0.0001,1010,v3,tradeable,20.785609,25.973741,-5.188132,616779.86,4049442.26,684,0,201371,4759,11.445,2026-09-26 22:58,d9bac5e74ae9ff19,c0a78e120d6e948b
midcap50,0.0001,1010,v4,tradeable,16.822977,25.973741,-9.150764,451753.04,3163054.61,888,0,201371,4759,11.445,2026-09-26 22:58,d9bac5e74ae9ff19,c0a78e120d6e948b
nifty100,0.0,0,v1,research,21.527463,23.380285,-1.852822,679230.0,4237300.15,753,0,473311,0,27.163,2026-09-26 22:12,d9bac5e74ae9ff19,c0a78e120d6e948b
nifty100,0.0,0,v2,research,16.432758,23.380285,-6.947527,416965.12,3085640.49,938,0,473311,0,27.163,2026-09-26 22:12,d9bac5e74ae9ff19,c0a78e120d6e948b
nifty100,0.0,0,v3,research,23.681442,23.380285,0.301157,767193.75,4826106.76,726,0,473311,0,27.163,2026-09-26 22:12,d9bac5e74ae9ff19,c0a78e120d6e948b
nifty100,0.0,0,v4,research,17.456172,23.380285,-5.924113,458146.46,3292248.12,930,0,473311,0,27.163,2026-09-26 22:12,d9bac5e74ae9ff19,c0a78e120d6e948b
nifty100,0.0,0,v1,tradeable,21.495442,23.380285,-1.884843,678298.88,4229038.51,753,1,473311,0,27.163,2026-09-26 22:12,d9bac5e74ae9ff19,c0a78e120d6e948b
nifty100,0.0,0,v2,tradeable,16.432758,23.380285,-6.947527,416965.12,3085640.49,938,0,473311,0,27.163,2026-09-26 22:12,d9bac5e74ae9ff19,c0a78e120d6e948b
nifty100,0.0,0,v3,tradeable,23.681442,23.380285,0.301157,767193.75,4826106.76,726,0,473311,0,27.163,2026-09-26 22:12,d9bac5e74ae9ff19,c0a78e120d6e948b
nifty100,0.0,0,v4,tradeable,17.456172,23.380285,-5.924113,458146.46,3292248.12,930,0,473311,0,27.163,2026-09-26 22:12,d9bac5e74ae9ff19,c0a78e120d6e948b
nifty100,0.0001,101,v1,research,25.404506,23.380372,2.024133,867509.85,5346824.69,763,0,473311,6200,29.69,2026-09-26 23:27,d9bac5e74ae9ff19,c0a78e120d6e948b
nifty100,0.0001,101,v2,research,19.435885,23.380372,-3.944487,534330.16,3726076.82,932,0,473311,6200,29.69,2026-09-26 23:27,d9bac5e74ae9ff19,c0a78e120d6e948b
nifty100,0.0001,101,v3,research,23.362969,23.380372,-0.017403,754828.74,4734829.86,722,0,473311,6200,29.69,2026-09-26 23:27,d9bac5e74ae9ff19,c0a78e120d6e948b
nifty100,0.0001,101,v4,research,19.403406,23.380372,-3.976966,523133.35,3718579.26,926,0,473311,6200,29.69,2026-09-26 23:27,d9bac5e74ae9ff19,c0a78e120d6e948b
nifty100,0.0001,101,v1,tradeable,25.404506,23.380372,2.024133,867509.85,5346824.69,763,0,473311,6200,29.69,2026-09-26 23:27,d9bac5e74ae9ff19,c0a78e120d6e948b
nifty100,0.0001,101,v2,tradeable,19.435885,23.380372,-3.944487,534330.16,3726076.82,932,0,473311,6200,29.69,2026-09-26 23:27,d9bac5e74ae9ff19,c0a78e120d6e948b
nifty100,0.0001,101,v3,tradeable,23.362969,23.380372,-0.017403,754828.74,4734829.86,722,0,473311,6200,29.69,2026-09-26 23:27,d9bac5e74ae9ff19,c0a78e120d6e948b
nifty100,0.0001,101,v4,tradeable,19.403406,23.380372,-3.976966,523133.35,3718579.26,926,0,473311,6200,29.69,2026-09-26 23:27,d9bac5e74ae9ff19,c0a78e120d6e948b
nifty100,0.0001,202,v1,research,24.219815,23.381257,0.838558,837509.72,4983872.8,761,0,473311,6158,29.73,2026-09-26 23:27,d9bac5e74ae9ff19,c0a78e120d6e948b
nifty100,0.0001,202,v2,research,15.87885,23.381257,-7.502407,397341.13,2978568.95,940,0,473311,6158,29.73,2026-09-26 23:27,d9bac5e74ae9ff19,c0a78e120d6e948b
nifty100,0.0001,202,v3,research,25.319808,23.381257,1.938551,924292.59,5320138.15,718,0,473311,6158,29.73,2026-09-26 23:27,d9bac5e74ae9ff19,c0a78e120d6e948b
nifty100,0.0001,202,v4,research,16.581763,23.381257,-6.799494,431704.79,3115005.22,928,0,473311,6158,29.73,2026-09-26 23:27,d9bac5e74ae9ff19,c0a78e120d6e948b
nifty100,0.0001,202,v1,tradeable,24.219815,23.381257,0.838558,837509.72,4983872.8,761,1,473311,6158,29.73,2026-09-26 23:27,d9bac5e74ae9ff19,c0a78e120d6e948b
nifty100,0.0001,202,v2,tradeable,15.87885,23.381257,-7.502407,397341.13,2978568.95,940,0,473311,6158,29.73,2026-09-26 23:27,d9bac5e74ae9ff19,c0a78e120d6e948b
nifty100,0.0001,202,v3,tradeable,25.319808,23.381257,1.938551,924292.59,5320138.15,718,0,473311,6158,29.73,2026-09-26 23:27,d9bac5e74ae9ff19,c0a78e120d6e948b
nifty100,0.0001,202,v4,tradeable,16.581763,23.381257,-6.799494,431704.79,3115005.22,928,0,473311,6158,29.73,2026-09-26 23:27,d9bac5e74ae9ff19,c0a78e120d6e948b
nifty100,0.0001,303,v1,research,24.440065,23.3803,1.059765,852794.49,5049689.56,779,0,473311,6228,28.606,2026-09-26 23:55,d9bac5e74ae9ff19,c0a78e120d6e948b
nifty100,0.0001,303,v2,research,17.933862,23.3803,-5.446439,495224.09,3392709.97,966,0,473311,6228,28.606,2026-09-26 23:55,d9bac5e74ae9ff19,c0a78e120d6e948b
nifty100,0.0001,303,v3,research,23.71281,23.3803,0.33251,764998.91,4835179.1,760,0,473311,6228,28.606,2026-09-26 23:55,d9bac5e74ae9ff19,c0a78e120d6e948b
nifty100,0.0001,303,v4,research,16.472852,23.3803,-6.907448,435632.46,3093518.22,964,0,473311,6228,28.606,2026-09-26 23:55,d9bac5e74ae9ff19,c0a78e120d6e948b
nifty100,0.0001,303,v1,tradeable,24.440065,23.3803,1.059765,852794.49,5049689.56,779,0,473311,6228,28.606,2026-09-26 23:55,d9bac5e74ae9ff19,c0a78e120d6e948b
nifty100,0.0001,303,v2,tradeable,17.933862,23.3803,-5.446439,495224.09,3392709.97,966,0,473311,6228,28.606,2026-09-26 23:55,d9bac5e74ae9ff19,c0a78e120d6e948b
nifty100,0.0001,303,v3,tradeable,23.71281,23.3803,0.33251,764998.91,4835179.1,760,0,473311,6228,28.606,2026-09-26 23:55,d9bac5e74ae9ff19,c0a78e120d6e948b
nifty100,0.0001,303,v4,tradeable,16.472852,23.3803,-6.907448,435632.46,3093518.22,964,0,473311,6228,28.606,2026-09-26 23:55,d9bac5e74ae9ff19,c0a78e120d6e948b
nifty100,0.0001,404,v1,research,23.895314,23.379007,0.516308,776177.02,4888255.27,769,0,473311,6255,28.612,2026-09-26 23:56,d9bac5e74ae9ff19,c0a78e120d6e948b
nifty100,0.0001,404,v2,research,18.338906,23.379007,-5.040101,493888.3,3479960.53,960,0,473311,6255,28.612,2026-09-26 23:56,d9bac5e74ae9ff19,c0a78e120d6e948b
nifty100,0.0001,404,v3,research,22.620272,23.379007,-0.758735,705724.52,4527746.89,740,0,473311,6255,28.612,2026-09-26 23:56,d9bac5e74ae9ff19,c0a78e120d6e948b
nifty100,0.0001,404,v4,research,19.486339,23.379007,-3.892668,520748.55,3737749.67,956,0,473311,6255,28.612,2026-09-26 23:56,d9bac5e74ae9ff19,c0a78e120d6e948b
nifty100,0.0001,404,v1,tradeable,23.833112,23.379007,0.454106,772071.73,4870109.32,767,1,473311,6255,28.612,2026-09-26 23:56,d9bac5e74ae9ff19,c0a78e120d6e948b
nifty100,0.0001,404,v2,tradeable,18.338906,23.379007,-5.040101,493888.3,3479960.53,960,0,473311,6255,28.612,2026-09-26 23:56,d9bac5e74ae9ff19,c0a78e120d6e948b
nifty100,0.0001,404,v3,tradeable,22.620272,23.379007,-0.758735,705724.52,4527746.89,740,0,473311,6255,28.612,2026-09-26 23:56,d9bac5e74ae9ff19,c0a78e120d6e948b
nifty100,0.0001,404,v4,tradeable,19.486339,23.379007,-3.892668,520748.55,3737749.67,956,0,473311,6255,28.612,2026-09-26 23:56,d9bac5e74ae9ff19,c0a78e120d6e948b
nifty100,0.0001,505,v1,research,25.514643,23.380683,2.13396,895509.71,5381699.77,775,0,473311,6159,28.474,2026-09-27 00:24,d9bac5e74ae9ff19,c0a78e120d6e948b
nifty100,0.0001,505,v2,research,18.804959,23.380683,-4.575724,532901.72,3582748.44,949,0,473311,6159,28.474,2026-09-27 00:24,d9bac5e74ae9ff19,c0a78e120d6e948b
nifty100,0.0001,505,v3,research,25.920888,23.380683,2.540206,927154.76,5512045.33,730,0,473311,6159,28.474,2026-09-27 00:24,d9bac5e74ae9ff19,c0a78e120d6e948b
nifty100,0.0001,505,v4,research,21.583611,23.380683,-1.797072,650426.08,4251820.14,941,0,473311,6159,28.474,2026-09-27 00:24,d9bac5e74ae9ff19,c0a78e120d6e948b
nifty100,0.0001,505,v1,tradeable,25.68866,23.380683,2.307977,908784.25,5437203.74,781,1,473311,6159,28.474,2026-09-27 00:24,d9bac5e74ae9ff19,c0a78e120d6e948b
nifty100,0.0001,505,v2,tradeable,18.804959,23.380683,-4.575724,532901.72,3582748.44,949,0,473311,6159,28.474,2026-09-27 00:24,d9bac5e74ae9ff19,c0a78e120d6e948b
nifty100,0.0001,505,v3,tradeable,25.920888,23.380683,2.540206,927154.76,5512045.33,730,0,473311,6159,28.474,2026-09-27 00:24,d9bac5e74ae9ff19,c0a78e120d6e948b
nifty100,0.0001,505,v4,tradeable,21.583611,23.380683,-1.797072,650426.08,4251820.14,941,0,473311,6159,28.474,2026-09-27 00:24,d9bac5e74ae9ff19,c0a78e120d6e948b
nifty100,0.0001,606,v1,research,24.63195,23.380296,1.251653,847723.72,5107641.27,751,0,473311,6142,28.49,2026-09-27 00:25,d9bac5e74ae9ff19,c0a78e120d6e948b
nifty100,0.0001,606,v2,research,18.537082,23.380296,-4.843215,503653.65,3523352.13,950,0,473311,6142,28.49,2026-09-27 00:25,d9bac5e74ae9ff19,c0a78e120d6e948b
nifty100,0.0001,606,v3,research,21.537626,23.380296,-1.84267,642172.71,4239925.12,740,0,473311,6142,28.49,2026-09-27 00:25,d9bac5e74ae9ff19,c0a78e120d6e948b
nifty100,0.0001,606,v4,research,20.022097,23.380296,-3.358199,553092.94,3863665.55,948,0,473311,6142,28.49,2026-09-27 00:25,d9bac5e74ae9ff19,c0a78e120d6e948b
nifty100,0.0001,606,v1,tradeable,24.63195,23.380296,1.251653,847723.72,5107641.27,751,0,473311,6142,28.49,2026-09-27 00:25,d9bac5e74ae9ff19,c0a78e120d6e948b
nifty100,0.0001,606,v2,tradeable,18.537082,23.380296,-4.843215,503653.65,3523352.13,950,0,473311,6142,28.49,2026-09-27 00:25,d9bac5e74ae9ff19,c0a78e120d6e948b
nifty100,0.0001,606,v3,tradeable,21.537626,23.380296,-1.84267,642172.71,4239925.12,740,0,473311,6142,28.49,2026-09-27 00:25,d9bac5e74ae9ff19,c0a78e120d6e948b
nifty100,0.0001,606,v4,tradeable,20.022097,23.380296,-3.358199,553092.94,3863665.55,948,0,473311,6142,28.49,2026-09-27 00:25,d9bac5e74ae9ff19,c0a78e120d6e948b
nifty100,0.0001,707,v1,research,25.306757,23.379318,1.927439,887362.43,5316036.3,763,0,473311,6178,28.503,2026-09-27 00:52,d9bac5e74ae9ff19,c0a78e120d6e948b
nifty100,0.0001,707,v2,research,18.698383,23.379318,-4.680935,507365.81,3559014.5,948,0,473311,6178,28.503,2026-09-27 00:52,d9bac5e74ae9ff19,c0a78e120d6e948b
nifty100,0.0001,707,v3,research,22.400227,23.379318,-0.979091,691205.38,4467917.88,732,0,473311,6178,28.503,2026-09-27 00:52,d9bac5e74ae9ff19,c0a78e120d6e948b
nifty100,0.0001,707,v4,research,20.873642,23.379318,-2.505676,591044.73,4071350.84,936,0,473311,6178,28.503,2026-09-27 00:52,d9bac5e74ae9ff19,c0a78e120d6e948b
nifty100,0.0001,707,v1,tradeable,25.306757,23.379318,1.927439,887362.43,5316036.3,763,0,473311,6178,28.503,2026-09-27 00:52,d9bac5e74ae9ff19,c0a78e120d6e948b
nifty100,0.0001,707,v2,tradeable,18.698383,23.379318,-4.680935,507365.81,3559014.5,948,0,473311,6178,28.503,2026-09-27 00:52,d9bac5e74ae9ff19,c0a78e120d6e948b
nifty100,0.0001,707,v3,tradeable,22.400227,23.379318,-0.979091,691205.38,4467917.88,732,0,473311,6178,28.503,2026-09-27 00:52,d9bac5e74ae9ff19,c0a78e120d6e948b
nifty100,0.0001,707,v4,tradeable,20.873642,23.379318,-2.505676,591044.73,4071350.84,936,0,473311,6178,28.503,2026-09-27 00:52,d9bac5e74ae9ff19,c0a78e120d6e948b
nifty100,0.0001,808,v1,research,26.273144,23.380535,2.892609,894277.29,5627269.57,789,0,473311,6159,28.421,2026-09-27 00:53,d9bac5e74ae9ff19,c0a78e120d6e948b
nifty100,0.0001,808,v2,research,18.565353,23.380535,-4.815183,488716.54,3529580.11,951,0,473311,6159,28.421,2026-09-27 00:53,d9bac5e74ae9ff19,c0a78e120d6e948b
nifty100,0.0001,808,v3,research,23.456875,23.380535,0.07634,752940.11,4761587.48,722,0,473311,6159,28.421,2026-09-27 00:53,d9bac5e74ae9ff19,c0a78e120d6e948b
nifty100,0.0001,808,v4,research,18.676066,23.380535,-4.704469,483648.36,3554061.84,947,0,473311,6159,28.421,2026-09-27 00:53,d9bac5e74ae9ff19,c0a78e120d6e948b
nifty100,0.0001,808,v1,tradeable,26.273144,23.380535,2.892609,894277.29,5627269.57,789,0,473311,6159,28.421,2026-09-27 00:53,d9bac5e74ae9ff19,c0a78e120d6e948b
nifty100,0.0001,808,v2,tradeable,18.565353,23.380535,-4.815183,488716.54,3529580.11,951,0,473311,6159,28.421,2026-09-27 00:53,d9bac5e74ae9ff19,c0a78e120d6e948b
nifty100,0.0001,808,v3,tradeable,23.456875,23.380535,0.07634,752940.11,4761587.48,722,0,473311,6159,28.421,2026-09-27 00:53,d9bac5e74ae9ff19,c0a78e120d6e948b
nifty100,0.0001,808,v4,tradeable,18.676066,23.380535,-4.704469,483648.36,3554061.84,947,0,473311,6159,28.421,2026-09-27 00:53,d9bac5e74ae9ff19,c0a78e120d6e948b
nifty100,0.0001,909,v1,research,24.670263,23.380618,1.289645,846901.91,5119281.17,751,0,473311,6183,28.265,2026-09-27 01:21,d9bac5e74ae9ff19,c0a78e120d6e948b
nifty100,0.0001,909,v2,research,16.609319,23.380618,-6.771299,443771.04,3120462.35,920,0,473311,6183,28.265,2026-09-27 01:21,d9bac5e74ae9ff19,c0a78e120d6e948b
nifty100,0.0001,909,v3,research,20.5314,23.380618,-2.849219,639554.83,3986748.7,700,0,473311,6183,28.265,2026-09-27 01:21,d9bac5e74ae9ff19,c0a78e120d6e948b
nifty100,0.0001,909,v4,research,15.153404,23.380618,-8.227214,385398.74,2843209.61,920,0,473311,6183,28.265,2026-09-27 01:21,d9bac5e74ae9ff19,c0a78e120d6e948b
nifty100,0.0001,909,v1,tradeable,24.670263,23.380618,1.289645,846901.91,5119281.17,751,1,473311,6183,28.265,2026-09-27 01:21,d9bac5e74ae9ff19,c0a78e120d6e948b
nifty100,0.0001,909,v2,tradeable,16.609319,23.380618,-6.771299,443771.04,3120462.35,920,0,473311,6183,28.265,2026-09-27 01:21,d9bac5e74ae9ff19,c0a78e120d6e948b
nifty100,0.0001,909,v3,tradeable,20.5314,23.380618,-2.849219,639554.83,3986748.7,700,0,473311,6183,28.265,2026-09-27 01:21,d9bac5e74ae9ff19,c0a78e120d6e948b
nifty100,0.0001,909,v4,tradeable,15.153404,23.380618,-8.227214,385398.74,2843209.61,920,0,473311,6183,28.265,2026-09-27 01:21,d9bac5e74ae9ff19,c0a78e120d6e948b
nifty100,0.0001,1010,v1,research,25.204824,23.380659,1.824165,855725.16,5284093.65,784,0,473311,6174,28.284,2026-09-27 01:22,d9bac5e74ae9ff19,c0a78e120d6e948b
nifty100,0.0001,1010,v2,research,16.886826,23.380659,-6.493833,429917.07,3175880.06,945,0,473311,6174,28.284,2026-09-27 01:22,d9bac5e74ae9ff19,c0a78e120d6e948b
nifty100,0.0001,1010,v3,research,19.33424,23.380659,-4.04642,575348.49,3702656.21,722,0,473311,6174,28.284,2026-09-27 01:22,d9bac5e74ae9ff19,c0a78e120d6e948b
nifty100,0.0001,1010,v4,research,15.720458,23.380659,-7.660201,390344.98,2948548.89,947,0,473311,6174,28.284,2026-09-27 01:22,d9bac5e74ae9ff19,c0a78e120d6e948b
nifty100,0.0001,1010,v1,tradeable,24.878095,23.380659,1.497436,832285.92,5182822.36,782,1,473311,6174,28.284,2026-09-27 01:22,d9bac5e74ae9ff19,c0a78e120d6e948b
nifty100,0.0001,1010,v2,tradeable,16.886826,23.380659,-6.493833,429917.07,3175880.06,945,0,473311,6174,28.284,2026-09-27 01:22,d9bac5e74ae9ff19,c0a78e120d6e948b
nifty100,0.0001,1010,v3,tradeable,19.33424,23.380659,-4.04642,575348.49,3702656.21,722,0,473311,6174,28.284,2026-09-27 01:22,d9bac5e74ae9ff19,c0a78e120d6e948b
nifty100,0.0001,1010,v4,tradeable,15.720458,23.380659,-7.660201,390344.98,2948548.89,947,0,473311,6174,28.284,2026-09-27 01:22,d9bac5e74ae9ff19,c0a78e120d6e948b
