seed,arm,first_day,decided,sigma0_only,draw_only,score_tie_sigma0,score_tie_draw,exempt_in_window,top_features
101,v1,2019-01-02,2019-01-01,DEEPAKFERT POLYMED SCHNEIDER SONATSOFTW,AARTIIND ATUL JPPOWER PHOENIXLTD,False,False,POLYMED SCHNEIDER SONATSOFTW JPPOWER,trend_consistency_20 downside_vol_60 vol_price_div
101,v2,2019-01-02,2019-01-01,DEEPAKFERT POLYMED SCHNEIDER SONATSOFTW,AARTIIND ATUL JPPOWER PHOENIXLTD,False,False,POLYMED SCHNEIDER SONATSOFTW JPPOWER,trend_consistency_20 downside_vol_60 vol_price_div
101,v3,2019-01-02,2019-01-01,DEEPAKFERT POLYMED SCHNEIDER SONATSOFTW,AARTIIND ATUL JPPOWER PHOENIXLTD,False,False,POLYMED SCHNEIDER SONATSOFTW JPPOWER,trend_consistency_20 downside_vol_60 vol_price_div
101,v4,2019-01-02,2019-01-01,DEEPAKFERT POLYMED SCHNEIDER SONATSOFTW,AARTIIND ATUL JPPOWER PHOENIXLTD,False,False,POLYMED SCHNEIDER SONATSOFTW JPPOWER,trend_consistency_20 downside_vol_60 vol_price_div
202,v1,2019-01-02,2019-01-01,GILLETTE POLYMED SONATSOFTW,ATUL JPPOWER PHOENIXLTD,False,False,POLYMED SONATSOFTW JPPOWER,trend_consistency_20 downside_vol_60 vol_price_div
202,v2,2019-01-02,2019-01-01,GILLETTE POLYMED SONATSOFTW,ATUL JPPOWER PHOENIXLTD,False,False,POLYMED SONATSOFTW JPPOWER,trend_consistency_20 downside_vol_60 vol_price_div
202,v3,2019-01-02,2019-01-01,GILLETTE POLYMED SONATSOFTW,ATUL JPPOWER PHOENIXLTD,False,False,POLYMED SONATSOFTW JPPOWER,trend_consistency_20 downside_vol_60 vol_price_div
202,v4,2019-01-02,2019-01-01,GILLETTE POLYMED SONATSOFTW,ATUL JPPOWER PHOENIXLTD,False,False,POLYMED SONATSOFTW JPPOWER,trend_consistency_20 downside_vol_60 vol_price_div
303,v1,2019-01-02,2019-01-01,DEEPAKFERT GILLETTE POLYMED SCHNEIDER SONATSOFTW,AARTIIND ATUL HEG JPPOWER PHOENIXLTD,False,False,POLYMED SCHNEIDER SONATSOFTW HEG JPPOWER,trend_consistency_20 downside_vol_60 vol_price_div
303,v2,2019-01-02,2019-01-01,DEEPAKFERT GILLETTE POLYMED SCHNEIDER SONATSOFTW,AARTIIND ATUL HEG JPPOWER PHOENIXLTD,False,False,POLYMED SCHNEIDER SONATSOFTW HEG JPPOWER,trend_consistency_20 downside_vol_60 vol_price_div
303,v3,2019-01-02,2019-01-01,DEEPAKFERT GILLETTE POLYMED SCHNEIDER SONATSOFTW,AARTIIND ATUL HEG JPPOWER PHOENIXLTD,False,False,POLYMED SCHNEIDER SONATSOFTW HEG JPPOWER,trend_consistency_20 downside_vol_60 vol_price_div
303,v4,2019-01-02,2019-01-01,DEEPAKFERT GILLETTE POLYMED SCHNEIDER SONATSOFTW,AARTIIND ATUL HEG JPPOWER PHOENIXLTD,False,False,POLYMED SCHNEIDER SONATSOFTW HEG JPPOWER,trend_consistency_20 downside_vol_60 vol_price_div
404,v1,2019-01-02,2019-01-01,GILLETTE POLYMED SONATSOFTW,AARTIIND JPPOWER PHOENIXLTD,False,False,POLYMED SONATSOFTW JPPOWER,trend_consistency_20 vol_price_div downside_vol_60
404,v2,2019-01-02,2019-01-01,GILLETTE POLYMED SONATSOFTW,AARTIIND JPPOWER PHOENIXLTD,False,False,POLYMED SONATSOFTW JPPOWER,trend_consistency_20 vol_price_div downside_vol_60
404,v3,2019-01-02,2019-01-01,GILLETTE POLYMED SONATSOFTW,AARTIIND JPPOWER PHOENIXLTD,False,False,POLYMED SONATSOFTW JPPOWER,trend_consistency_20 vol_price_div downside_vol_60
404,v4,2019-01-02,2019-01-01,GILLETTE POLYMED SONATSOFTW,AARTIIND JPPOWER PHOENIXLTD,False,False,POLYMED SONATSOFTW JPPOWER,trend_consistency_20 vol_price_div downside_vol_60
505,v1,2019-01-02,2019-01-01,DEEPAKFERT POLYMED SCHNEIDER SONATSOFTW,HEG JPPOWER PHOENIXLTD TARIL,False,False,POLYMED SCHNEIDER SONATSOFTW HEG JPPOWER,trend_consistency_20 vol_price_div downside_vol_60
505,v2,2019-01-02,2019-01-01,DEEPAKFERT POLYMED SCHNEIDER SONATSOFTW,HEG JPPOWER PHOENIXLTD TARIL,False,False,POLYMED SCHNEIDER SONATSOFTW HEG JPPOWER,trend_consistency_20 vol_price_div downside_vol_60
505,v3,2019-01-02,2019-01-01,DEEPAKFERT POLYMED SCHNEIDER SONATSOFTW,HEG JPPOWER PHOENIXLTD TARIL,False,False,POLYMED SCHNEIDER SONATSOFTW HEG JPPOWER,trend_consistency_20 vol_price_div downside_vol_60
505,v4,2019-01-02,2019-01-01,DEEPAKFERT POLYMED SCHNEIDER SONATSOFTW,HEG JPPOWER PHOENIXLTD TARIL,False,False,POLYMED SCHNEIDER SONATSOFTW HEG JPPOWER,trend_consistency_20 vol_price_div downside_vol_60
606,v1,2019-01-02,2019-01-01,POLYMED SONATSOFTW,PHOENIXLTD TIINDIA,False,False,POLYMED SONATSOFTW TIINDIA,trend_consistency_20 amihud_20 downside_vol_60
606,v2,2019-01-02,2019-01-01,POLYMED SONATSOFTW,PHOENIXLTD TIINDIA,False,False,POLYMED SONATSOFTW TIINDIA,trend_consistency_20 amihud_20 downside_vol_60
606,v3,2019-01-02,2019-01-01,POLYMED SONATSOFTW,PHOENIXLTD TIINDIA,False,False,POLYMED SONATSOFTW TIINDIA,trend_consistency_20 amihud_20 downside_vol_60
606,v4,2019-01-02,2019-01-01,POLYMED SONATSOFTW,PHOENIXLTD TIINDIA,False,False,POLYMED SONATSOFTW TIINDIA,trend_consistency_20 amihud_20 downside_vol_60
707,v1,2019-01-02,2019-01-01,DEEPAKFERT GILLETTE POLYMED SONATSOFTW,ATUL JPPOWER PHOENIXLTD TIINDIA,False,False,POLYMED SONATSOFTW JPPOWER TIINDIA,trend_consistency_20 downside_vol_60 vol_price_div
707,v2,2019-01-02,2019-01-01,DEEPAKFERT GILLETTE POLYMED SONATSOFTW,ATUL JPPOWER PHOENIXLTD TIINDIA,False,False,POLYMED SONATSOFTW JPPOWER TIINDIA,trend_consistency_20 downside_vol_60 vol_price_div
707,v3,2019-01-02,2019-01-01,DEEPAKFERT GILLETTE POLYMED SONATSOFTW,ATUL JPPOWER PHOENIXLTD TIINDIA,False,False,POLYMED SONATSOFTW JPPOWER TIINDIA,trend_consistency_20 downside_vol_60 vol_price_div
707,v4,2019-01-02,2019-01-01,DEEPAKFERT GILLETTE POLYMED SONATSOFTW,ATUL JPPOWER PHOENIXLTD TIINDIA,False,False,POLYMED SONATSOFTW JPPOWER TIINDIA,trend_consistency_20 downside_vol_60 vol_price_div
808,v1,2019-01-02,2019-01-01,GILLETTE POLYMED SONATSOFTW,JPPOWER PHOENIXLTD TIINDIA,False,False,POLYMED SONATSOFTW JPPOWER TIINDIA,downside_vol_60 vol_price_div trend_consistency_20
808,v2,2019-01-02,2019-01-01,GILLETTE POLYMED SONATSOFTW,JPPOWER PHOENIXLTD TIINDIA,False,False,POLYMED SONATSOFTW JPPOWER TIINDIA,downside_vol_60 vol_price_div trend_consistency_20
808,v3,2019-01-02,2019-01-01,GILLETTE POLYMED SONATSOFTW,JPPOWER PHOENIXLTD TIINDIA,False,False,POLYMED SONATSOFTW JPPOWER TIINDIA,downside_vol_60 vol_price_div trend_consistency_20
808,v4,2019-01-02,2019-01-01,GILLETTE POLYMED SONATSOFTW,JPPOWER PHOENIXLTD TIINDIA,False,False,POLYMED SONATSOFTW JPPOWER TIINDIA,downside_vol_60 vol_price_div trend_consistency_20
909,v1,2019-01-02,2019-01-01,GILLETTE POLYMED SONATSOFTW,AARTIIND JPPOWER PHOENIXLTD,False,False,POLYMED SONATSOFTW JPPOWER,trend_consistency_20 downside_vol_60 vol_price_div
909,v2,2019-01-02,2019-01-01,GILLETTE POLYMED SONATSOFTW,AARTIIND JPPOWER PHOENIXLTD,False,False,POLYMED SONATSOFTW JPPOWER,trend_consistency_20 downside_vol_60 vol_price_div
909,v3,2019-01-02,2019-01-01,GILLETTE POLYMED SONATSOFTW,AARTIIND JPPOWER PHOENIXLTD,False,False,POLYMED SONATSOFTW JPPOWER,trend_consistency_20 downside_vol_60 vol_price_div
909,v4,2019-01-02,2019-01-01,GILLETTE POLYMED SONATSOFTW,AARTIIND JPPOWER PHOENIXLTD,False,False,POLYMED SONATSOFTW JPPOWER,trend_consistency_20 downside_vol_60 vol_price_div
1010,v1,2019-01-02,2019-01-01,DEEPAKFERT GILLETTE POLYMED SONATSOFTW,AARTIIND JPPOWER PHOENIXLTD TIINDIA,False,False,POLYMED SONATSOFTW JPPOWER TIINDIA,downside_vol_60 vol_price_div trend_consistency_20
1010,v2,2019-01-02,2019-01-01,DEEPAKFERT GILLETTE POLYMED SONATSOFTW,AARTIIND JPPOWER PHOENIXLTD TIINDIA,False,False,POLYMED SONATSOFTW JPPOWER TIINDIA,downside_vol_60 vol_price_div trend_consistency_20
1010,v3,2019-01-02,2019-01-01,DEEPAKFERT GILLETTE POLYMED SONATSOFTW,AARTIIND JPPOWER PHOENIXLTD TIINDIA,False,False,POLYMED SONATSOFTW JPPOWER TIINDIA,downside_vol_60 vol_price_div trend_consistency_20
1010,v4,2019-01-02,2019-01-01,DEEPAKFERT GILLETTE POLYMED SONATSOFTW,AARTIIND JPPOWER PHOENIXLTD TIINDIA,False,False,POLYMED SONATSOFTW JPPOWER TIINDIA,downside_vol_60 vol_price_div trend_consistency_20
