universe,arm,profile,published_cagr,tax_paid_by_selling_cagr,change,deepest_overdraft,deepest_on,days_negative,forced_sale_days,sold_rs,sale_charges_rs,sale_tax_left_unpaid_rs
midcap150,v1,research,33.8903,35.1472,1.2568,-92363.91,2022-03-31,24,4,532360.03,1061.11,0.0
midcap150,v1,tradeable,33.8903,35.1472,1.2568,-92363.91,2022-03-31,24,4,532360.03,1061.11,0.0
midcap150,v2,research,24.0387,24.0387,0.0,0.0,,0,0,0.0,0.0,0.0
midcap150,v2,tradeable,24.0387,24.0387,0.0,0.0,,0,0,0.0,0.0,0.0
midcap150,v3,research,37.0866,36.8407,-0.2459,-198263.44,2021-03-31,20,5,707508.43,1349.03,251.66
midcap150,v3,tradeable,37.0866,36.8407,-0.2459,-198263.44,2021-03-31,20,5,707508.43,1349.03,251.66
midcap150,v4,research,27.9228,27.9228,0.0,0.0,,0,0,0.0,0.0,0.0
midcap150,v4,tradeable,27.9228,27.9228,0.0,0.0,,0,0,0.0,0.0,0.0
nifty100,v1,research,23.6979,23.6095,-0.0885,-33485.97,2022-03-31,16,1,34026.54,157.96,0.0
nifty100,v1,tradeable,23.6979,23.6095,-0.0885,-33485.97,2022-03-31,16,1,34026.54,157.96,0.0
nifty100,v2,research,17.2384,17.2384,0.0,0.0,,0,0,0.0,0.0,0.0
nifty100,v2,tradeable,17.2384,17.2384,0.0,0.0,,0,0,0.0,0.0,0.0
nifty100,v3,research,26.1513,25.7618,-0.3895,-45325.43,2022-03-31,23,3,118561.75,490.62,0.0
nifty100,v3,tradeable,26.1513,25.7618,-0.3895,-45325.43,2022-03-31,23,3,118561.75,490.62,0.0
nifty100,v4,research,18.366,18.366,0.0,0.0,,0,0,0.0,0.0,0.0
nifty100,v4,tradeable,18.366,18.366,0.0,0.0,,0,0,0.0,0.0,0.0
nifty50,v1,research,20.1572,20.1141,-0.0432,-80163.69,2021-03-31,4,1,85641.64,212.92,0.0
nifty50,v1,tradeable,20.1572,20.1141,-0.0432,-80163.69,2021-03-31,4,1,85641.64,212.92,0.0
nifty50,v2,research,13.1484,13.1484,0.0,0.0,,0,0,0.0,0.0,0.0
nifty50,v2,tradeable,13.1484,13.1484,0.0,0.0,,0,0,0.0,0.0,0.0
nifty50,v3,research,23.2452,23.115,-0.1302,-63575.08,2021-03-31,4,2,142089.41,378.44,0.0
nifty50,v3,tradeable,23.2452,23.115,-0.1302,-63575.08,2021-03-31,4,2,142089.41,378.44,0.0
nifty50,v4,research,15.7956,15.7956,0.0,0.0,,0,0,0.0,0.0,0.0
nifty50,v4,tradeable,15.7956,15.7956,0.0,0.0,,0,0,0.0,0.0,0.0
midcap50,v1,research,29.1153,29.4,0.2847,-184081.87,2021-03-31,35,5,665670.31,1320.79,0.0
midcap50,v1,tradeable,29.1153,29.4,0.2847,-184081.87,2021-03-31,35,5,665670.31,1320.79,0.0
midcap50,v2,research,19.4014,19.3526,-0.0488,-46749.16,2021-03-31,4,1,49160.75,219.55,0.0
midcap50,v2,tradeable,19.4014,19.3526,-0.0488,-46749.16,2021-03-31,4,1,49160.75,219.55,0.0
midcap50,v3,research,29.9287,29.7166,-0.2121,-138578.03,2021-03-31,27,4,524857.05,1047.9,0.0
midcap50,v3,tradeable,29.9287,29.7166,-0.2121,-138578.03,2021-03-31,27,4,524857.05,1047.9,0.0
midcap50,v4,research,20.2122,20.1235,-0.0887,-42897.71,2021-03-31,4,1,48503.44,218.55,0.0
midcap50,v4,tradeable,20.2122,20.1235,-0.0887,-42897.71,2021-03-31,4,1,48503.44,218.55,0.0
midcap100,v1,research,27.3236,27.5573,0.2337,-289501.51,2025-04-01,19,5,742220.45,1416.08,0.0
midcap100,v1,tradeable,27.7543,28.0384,0.2841,-294813.43,2025-04-01,15,4,584503.47,1113.13,0.0
midcap100,v2,research,22.1895,22.1895,0.0,0.0,,0,0,0.0,0.0,0.0
midcap100,v2,tradeable,22.1895,22.1895,0.0,0.0,,0,0,0.0,0.0,0.0
midcap100,v3,research,26.5471,26.4164,-0.1307,-290760.41,2025-04-01,42,6,819353.34,1589.93,0.0
midcap100,v3,tradeable,26.4993,26.3868,-0.1125,-291907.04,2025-04-01,42,6,813907.77,1582.75,0.0
midcap100,v4,research,22.1396,22.1396,0.0,0.0,,0,0,0.0,0.0,0.0
midcap100,v4,tradeable,22.1396,22.1396,0.0,0.0,,0,0,0.0,0.0,0.0
nifty200,v1,research,40.4241,40.1105,-0.3136,-103644.3,2021-03-31,31,3,205416.06,597.18,0.0
nifty200,v1,tradeable,40.4241,40.1105,-0.3136,-103644.3,2021-03-31,31,3,205416.06,597.18,0.0
nifty200,v2,research,27.6371,27.5574,-0.0797,0.0,,0,1,126815.74,300.53,0.0
nifty200,v2,tradeable,27.6371,27.5574,-0.0797,0.0,,0,1,126815.74,300.53,0.0
nifty200,v3,research,41.8795,41.7574,-0.1221,-593269.09,2025-04-01,38,5,1304519.43,1950.05,0.0
nifty200,v3,tradeable,41.8795,41.7574,-0.1221,-593269.09,2025-04-01,38,5,1304519.43,1950.05,0.0
nifty200,v4,research,31.1497,31.1473,-0.0024,0.0,,0,1,5046.72,143.23,0.0
nifty200,v4,tradeable,31.1497,31.1473,-0.0024,0.0,,0,1,5046.72,143.23,0.0
smallcap250,v1,research,42.2879,41.6265,-0.6614,-540054.74,2026-04-01,31,4,1027599.14,1557.28,0.0
smallcap250,v1,tradeable,41.3286,40.7004,-0.6283,-518058.63,2026-04-01,31,4,990065.63,1515.92,0.0
smallcap250,v2,research,24.2087,24.199,-0.0096,-17182.35,2021-03-31,4,1,20737.56,190.53,0.0
smallcap250,v2,tradeable,24.2087,24.199,-0.0096,-17182.35,2021-03-31,4,1,20737.56,190.53,0.0
smallcap250,v3,research,41.5498,41.4383,-0.1115,-133644.89,2021-03-31,11,3,443668.48,827.8,0.0
smallcap250,v3,tradeable,39.6797,39.5896,-0.09,-145891.11,2022-03-31,20,3,552262.55,942.8,0.0
smallcap250,v4,research,25.8722,25.8405,-0.0318,-47923.5,2021-03-31,4,1,52772.51,225.71,0.0
smallcap250,v4,tradeable,25.8722,25.8405,-0.0318,-47923.5,2021-03-31,4,1,52772.51,225.71,0.0
nifty500,v1,research,29.6092,29.2162,-0.3931,-137590.58,2022-03-31,38,5,719019.12,1360.43,0.0
nifty500,v1,tradeable,28.6314,28.441,-0.1903,-128994.24,2022-03-31,38,5,695076.07,1335.56,0.0
nifty500,v2,research,23.1038,23.1038,0.0,0.0,,0,0,0.0,0.0,0.0
nifty500,v2,tradeable,23.0663,23.0663,0.0,0.0,,0,0,0.0,0.0,0.0
nifty500,v3,research,36.8997,37.1726,0.2729,-169619.27,2022-03-31,53,5,1145935.0,1801.42,0.0
nifty500,v3,tradeable,36.871,37.1403,0.2693,-169612.99,2022-03-31,53,5,1143794.88,1798.36,0.0
nifty500,v4,research,26.4259,26.4259,0.0,0.0,,0,0,0.0,0.0,0.0
nifty500,v4,tradeable,26.4259,26.4259,0.0,0.0,,0,0,0.0,0.0,0.0
