universe,arm,reading,arm_profit,arm_tax,residual_not_tax,arm_posdays_a,arm_posdays_b,arm_posdays_c,arm_share_a,arm_share_b,arm_share_c,bh_posdays_a,bh_posdays_b,bh_posdays_c,bh_share_a,bh_share_b,bh_share_c,gap,gap_b_removed_estimate,arm_cagr,bh_cagr
nifty50,v3,strict,3701463.13,692579.45,0.0,3665,154,10602,41.59,2.29,56.12,24262,893,59301,22.93,10.44,66.63,3.6255,4.6054,23.2452,19.6197
nifty50,v3,lenient,3701463.13,692579.45,0.0,13005,1416,0,84.53,15.47,0.0,79938,4518,0,79.29,20.71,0.0,3.6255,4.1313,23.2452,19.6197
midcap150,v4,strict,5195052.07,1020548.96,0.0,5437,1798,10421,17.75,14.0,68.25,75412,13255,109621,51.61,8.76,39.63,4.3687,3.4228,27.9228,23.5541
midcap150,v4,lenient,5195052.07,1020548.96,0.0,13156,4500,0,79.19,20.81,0.0,151309,46979,0,86.7,13.3,0.0,4.3687,2.9451,27.9228,23.5541
smallcap250,v1,strict,12625276.28,2651120.3,0.0,4944,1236,8569,32.66,20.86,46.48,108921,21664,155831,19.91,6.37,73.73,15.69,12.549,42.2879,26.598
smallcap250,v1,lenient,12625276.28,2651120.3,0.0,10246,4503,0,56.53,43.47,0.0,212792,73624,0,75.59,24.41,0.0,15.69,9.9245,42.2879,26.598
smallcap250,v3,strict,12110396.94,2697925.42,0.0,5026,1251,8411,26.42,21.84,51.74,108921,21664,155831,19.91,6.37,73.73,14.9518,11.6354,41.5498,26.598
smallcap250,v3,lenient,12110396.94,2697925.42,0.0,10242,4446,0,52.97,47.03,0.0,212792,73624,0,75.59,24.41,0.0,14.9518,8.2697,41.5498,26.598
nifty200,v1,strict,11357671.87,2295603.51,0.0,3300,1392,10237,24.87,10.87,64.26,91513,8908,193339,37.74,8.32,53.94,16.7379,15.8936,40.4241,23.6863
nifty200,v1,lenient,11357671.87,2295603.51,0.0,9106,5823,0,60.03,39.97,0.0,250997,42763,0,75.65,24.35,0.0,16.7379,11.8549,40.4241,23.6863
nifty500,v1,strict,5826048.61,1270838.1,0.0,5318,829,8556,5.11,15.97,78.92,210999,14007,397398,29.62,4.49,65.89,5.18,3.2556,29.6092,24.4293
nifty500,v1,lenient,5826048.61,1270838.1,0.0,12011,2692,0,34.35,65.65,0.0,558020,64384,0,83.33,16.67,0.0,5.18,-6.0419,29.6092,24.4293
nifty500,v2,strict,3661661.07,772466.07,0.0,6128,849,9982,16.9,12.33,70.77,210999,14007,397398,29.62,4.49,65.89,-1.3254,-2.3918,23.1038,24.4293
nifty500,v2,lenient,3661661.07,772466.07,0.0,13854,3105,0,51.0,49.0,0.0,558020,64384,0,83.33,16.67,0.0,-1.3254,-6.756,23.1038,24.4293
midcap100,v1,strict,4983338.03,1071628.3,0.0,3060,1543,10283,16.03,15.13,68.84,44066,12257,81377,40.38,15.12,44.5,2.8474,2.7079,27.3236,24.4762
midcap100,v1,lenient,4983338.03,1071628.3,0.0,6928,7958,0,62.29,37.71,0.0,86426,51274,0,68.02,31.98,0.0,2.8474,1.4338,27.3236,24.4762
midcap100,v3,strict,4718309.82,1044530.2,0.0,3175,1522,9974,25.97,12.77,61.26,44066,12257,81377,40.38,15.12,44.5,2.0709,2.3381,26.5471,24.4762
midcap100,v3,lenient,4718309.82,1044530.2,0.0,6793,7878,0,73.2,26.8,0.0,86426,51274,0,68.02,31.98,0.0,2.0709,2.7771,26.5471,24.4762
midcap150,v1,strict,7683416.6,1693965.86,0.0,4431,1492,8916,28.34,10.32,61.35,75412,13255,109621,51.61,8.76,39.63,10.3363,9.8098,33.8903,23.5541
midcap150,v1,lenient,7683416.6,1693965.86,0.0,11012,3827,0,90.3,9.7,0.0,151309,46979,0,86.7,13.3,0.0,10.3363,10.5706,33.8903,23.5541
midcap150,v3,strict,9341158.84,1978266.1,0.0,4394,1534,8495,19.44,13.25,67.32,75412,13255,109621,51.61,8.76,39.63,13.5325,12.3869,37.0866,23.5541
midcap150,v3,lenient,9341158.84,1978266.1,0.0,10776,3647,0,88.14,11.86,0.0,151309,46979,0,86.7,13.3,0.0,13.5325,13.2974,37.0866,23.5541
nifty200,v3,strict,12338305.83,2469320.85,0.0,3324,1277,9792,26.31,12.41,61.28,91513,8908,193339,37.74,8.32,53.94,18.1933,17.0133,41.8795,23.6863
nifty200,v3,lenient,12338305.83,2469320.85,0.0,8855,5538,0,54.48,45.52,0.0,250997,42763,0,75.65,24.35,0.0,18.1933,11.6339,41.8795,23.6863
nifty200,v4,strict,6450263.7,1282963.48,0.0,4098,1526,11997,22.65,12.66,64.69,91513,8908,193339,37.74,8.32,53.94,7.4635,6.5602,31.1497,23.6863
nifty200,v4,lenient,6450263.7,1282963.48,0.0,10891,6730,0,56.99,43.01,0.0,250997,42763,0,75.65,24.35,0.0,7.4635,3.0028,31.1497,23.6863
nifty500,v3,strict,9237210.49,2045871.9,0.0,5305,808,8394,3.14,17.67,79.19,210999,14007,397398,29.62,4.49,65.89,12.4704,9.9126,36.8997,24.4293
nifty500,v3,lenient,9237210.49,2045871.9,0.0,11796,2711,0,38.13,61.87,0.0,558020,64384,0,83.33,16.67,0.0,12.4704,0.5606,36.8997,24.4293
nifty500,v4,strict,4677884.26,967224.27,0.0,6128,849,10003,12.36,15.8,71.84,210999,14007,397398,29.62,4.49,65.89,1.9966,0.2536,26.4259,24.4293
nifty500,v4,lenient,4677884.26,967224.27,0.0,13854,3126,0,49.26,50.74,0.0,558020,64384,0,83.33,16.67,0.0,1.9966,-4.5262,26.4259,24.4293
