universe,review,recorded
nifty50,2019-Mar,True
nifty50,2019-Sep,True
nifty50,2020-Mar,True
nifty50,2020-Sep,False
nifty50,2021-Mar,True
nifty50,2021-Sep,False
nifty50,2022-Mar,True
nifty50,2022-Sep,True
nifty50,2023-Mar,False
nifty50,2023-Sep,False
nifty50,2024-Mar,False
nifty50,2024-Sep,False
nifty50,2025-Mar,False
nifty50,2025-Sep,False
nifty50,2026-Mar,False
midcap150,2019-Mar,True
midcap150,2019-Sep,True
midcap150,2020-Mar,True
midcap150,2020-Sep,False
midcap150,2021-Mar,True
midcap150,2021-Sep,True
midcap150,2022-Mar,True
midcap150,2022-Sep,True
midcap150,2023-Mar,False
midcap150,2023-Sep,False
midcap150,2024-Mar,True
midcap150,2024-Sep,False
midcap150,2025-Mar,False
midcap150,2025-Sep,True
midcap150,2026-Mar,False
smallcap250,2019-Mar,False
smallcap250,2019-Sep,True
smallcap250,2020-Mar,True
smallcap250,2020-Sep,False
smallcap250,2021-Mar,True
smallcap250,2021-Sep,True
smallcap250,2022-Mar,False
smallcap250,2022-Sep,True
smallcap250,2023-Mar,False
smallcap250,2023-Sep,False
smallcap250,2024-Mar,True
smallcap250,2024-Sep,False
smallcap250,2025-Mar,False
smallcap250,2025-Sep,True
smallcap250,2026-Mar,True
nifty200,2019-Mar,True
nifty200,2019-Sep,False
nifty200,2020-Mar,True
nifty200,2020-Sep,False
nifty200,2021-Mar,True
nifty200,2021-Sep,False
nifty200,2022-Mar,False
nifty200,2022-Sep,False
nifty200,2023-Mar,True
nifty200,2023-Sep,False
nifty200,2024-Mar,True
nifty200,2024-Sep,False
nifty200,2025-Mar,False
nifty200,2025-Sep,True
nifty200,2026-Mar,True
nifty500,2019-Mar,False
nifty500,2019-Sep,True
nifty500,2020-Mar,True
nifty500,2020-Sep,True
nifty500,2021-Mar,True
nifty500,2021-Sep,True
nifty500,2022-Mar,False
nifty500,2022-Sep,True
nifty500,2023-Mar,False
nifty500,2023-Sep,False
nifty500,2024-Mar,True
nifty500,2024-Sep,False
nifty500,2025-Mar,False
nifty500,2025-Sep,True
nifty500,2026-Mar,True
midcap100,2019-Mar,True
midcap100,2019-Sep,False
midcap100,2020-Mar,True
midcap100,2020-Sep,False
midcap100,2021-Mar,True
midcap100,2021-Sep,False
midcap100,2022-Mar,True
midcap100,2022-Sep,True
midcap100,2023-Mar,False
midcap100,2023-Sep,False
midcap100,2024-Mar,True
midcap100,2024-Sep,False
midcap100,2025-Mar,False
midcap100,2025-Sep,True
midcap100,2026-Mar,True
