universe,arm,label,arm_cagr,bh_cagr,gap,arm_final_equity,arm_tax_paid
nifty100,v1,"v1 invvol, 100% invested",23.6979,23.3803,0.3176,4830874.82,793392.89
nifty100,v2,"v2 invvol, breadth-scaled",17.2384,23.3803,-6.1419,3247308.63,464918.69
nifty100,v3,"v3 provol, 100% invested",26.1513,23.3803,2.771,5587196.19,933099.71
nifty100,v4,"v4 provol, breadth-scaled",18.366,23.3803,-5.0143,3485860.26,505694.88
midcap150,v1,"v1 invvol, 100% invested",33.8903,23.5541,10.3362,8683416.6,1693965.85
midcap150,v2,"v2 invvol, breadth-scaled",24.0387,23.5541,0.4846,4930306.95,809103.85
midcap150,v3,"v3 provol, 100% invested",37.0866,23.5541,13.5325,10341158.84,1978266.09
midcap150,v4,"v4 provol, breadth-scaled",27.9228,23.5541,4.3687,6195052.07,1020548.97
nifty50,v1,"v1 invvol, 100% invested",20.1572,19.6197,0.5375,3895994.88,566682.11
nifty50,v2,"v2 invvol, breadth-scaled",13.1484,19.6197,-6.4713,2496398.28,287526.66
nifty50,v3,"v3 provol, 100% invested",23.2452,19.6197,3.6255,4701463.13,692579.44
nifty50,v4,"v4 provol, breadth-scaled",15.7956,19.6197,-3.8241,2962763.36,353708.92
midcap50,v1,"v1 invvol, 100% invested",29.1153,25.9739,3.1414,6635724.02,1125179.85
midcap50,v2,"v2 invvol, breadth-scaled",19.4014,25.9739,-6.5725,3718116.25,543777.44
midcap50,v3,"v3 provol, 100% invested",29.9287,25.9739,3.9548,6951629.05,1225065.62
midcap50,v4,"v4 provol, breadth-scaled",20.2122,25.9739,-5.7617,3909225.56,582332.04
midcap100,v1,"v1 invvol, 100% invested",27.3236,24.4762,2.8474,5983338.03,1071628.33
midcap100,v2,"v2 invvol, breadth-scaled",22.1895,24.4762,-2.2867,4411271.17,701522.54
midcap100,v3,"v3 provol, 100% invested",26.5471,24.4762,2.0709,5718309.82,1044530.18
midcap100,v4,"v4 provol, breadth-scaled",22.1396,24.4762,-2.3366,4397941.43,697484.38
nifty200,v1,"v1 invvol, 100% invested",40.4241,23.6863,16.7378,12357671.87,2295603.52
nifty200,v2,"v2 invvol, breadth-scaled",27.6371,23.6863,3.9508,6093296.31,1013644.96
nifty200,v3,"v3 provol, 100% invested",41.8795,23.6863,18.1932,13338305.83,2469320.86
nifty200,v4,"v4 provol, breadth-scaled",31.1497,23.6863,7.4634,7450263.7,1282963.5
smallcap250,v1,"v1 invvol, 100% invested",42.2879,26.598,15.6899,13625276.28,2651120.29
smallcap250,v2,"v2 invvol, breadth-scaled",24.2087,26.598,-2.3893,4980562.98,843456.36
smallcap250,v3,"v3 provol, 100% invested",41.5498,26.598,14.9518,13110396.94,2697925.45
smallcap250,v4,"v4 provol, breadth-scaled",25.8722,26.598,-0.7258,5496295.53,973233.34
nifty500,v1,"v1 invvol, 100% invested",29.6092,24.4293,5.1799,6826048.61,1270838.1
nifty500,v2,"v2 invvol, breadth-scaled",23.1038,24.4293,-1.3255,4661661.07,772466.07
nifty500,v3,"v3 provol, 100% invested",36.8997,24.4293,12.4704,10237210.49,2045871.89
nifty500,v4,"v4 provol, breadth-scaled",26.4259,24.4293,1.9966,5677884.26,967224.28
