universe,arm,research_cagr,tradeable_cagr,diff,cap_binds,bh_cagr,gap_research,gap_tradeable
nifty100,v1,21.5275,21.4954,-0.032,1,23.3803,-1.8528,-1.8849
nifty100,v2,16.4328,16.4328,0.0,0,23.3803,-6.9475,-6.9475
nifty100,v3,23.6814,23.6814,0.0,0,23.3803,0.3011,0.3011
nifty100,v4,17.4562,17.4562,0.0,0,23.3803,-5.9241,-5.9241
midcap150,v1,30.9497,30.9497,0.0,0,23.5541,7.3956,7.3956
midcap150,v2,24.1551,24.1551,0.0,0,23.5541,0.601,0.601
midcap150,v3,30.4903,30.4903,0.0,0,23.5541,6.9362,6.9362
midcap150,v4,28.9983,28.9983,0.0,0,23.5541,5.4442,5.4442
nifty50,v1,15.1057,15.1057,0.0,0,19.6197,-4.514,-4.514
nifty50,v2,11.412,11.412,0.0,0,19.6197,-8.2077,-8.2077
nifty50,v3,18.6515,18.6515,0.0,0,19.6197,-0.9682,-0.9682
nifty50,v4,13.213,13.213,0.0,0,19.6197,-6.4067,-6.4067
midcap50,v1,25.21,25.21,0.0,0,25.9739,-0.7639,-0.7639
midcap50,v2,17.8059,17.8059,0.0,0,25.9739,-8.168,-8.168
midcap50,v3,22.0592,22.0592,0.0,0,25.9739,-3.9147,-3.9147
midcap50,v4,16.3848,16.3848,0.0,0,25.9739,-9.5891,-9.5891
midcap100,v1,32.3206,32.0354,-0.2852,1,24.4762,7.8444,7.5592
midcap100,v2,24.4873,24.4873,0.0,0,24.4762,0.0111,0.0111
midcap100,v3,30.8969,30.8536,-0.0433,1,24.4762,6.4207,6.3774
midcap100,v4,19.362,19.362,0.0,0,24.4762,-5.1142,-5.1142
nifty200,v1,32.3493,32.3493,0.0,0,23.6863,8.663,8.663
nifty200,v2,24.0576,24.0576,0.0,0,23.6863,0.3713,0.3713
nifty200,v3,29.6014,29.6014,0.0,0,23.6863,5.9151,5.9151
nifty200,v4,24.5658,24.5658,0.0,0,23.6863,0.8795,0.8795
smallcap250,v1,41.0621,41.3064,0.2443,4,26.5986,14.4635,14.7078
smallcap250,v2,21.0464,21.0464,0.0,0,26.5986,-5.5522,-5.5522
smallcap250,v3,39.3678,37.7272,-1.6406,2,26.5986,12.7692,11.1286
smallcap250,v4,20.3702,20.3702,0.0,0,26.5986,-6.2284,-6.2284
nifty500,v1,33.5348,33.3432,-0.1916,2,24.4295,9.1053,8.9137
nifty500,v2,26.3168,26.3168,0.0,0,24.4295,1.8873,1.8873
nifty500,v3,36.8896,36.8274,-0.0623,1,24.4295,12.4601,12.3979
nifty500,v4,28.3082,28.3082,0.0,0,24.4295,3.8787,3.8787
