# The noise band of experiments/DRAWDOWN_STOP_PREREG.txt, written by
# results/drawdown_stop_band.py. band = 2 x sqrt(2) x sd(d), ddof=1, over 50 distinct
# 10-of-20 seed subsets (generator seed 20261002), d = stop arm metric - parent metric,
# cadence 20. CAGR% and MaxDD% are in percent points, Sharpe and Calmar are ratios.
# MaxDD% is negative (a 30% drawdown is -30.0), so d > 0 means the stop arm's drawdown is
# shallower than its parent's and d < 0 means deeper. The band is a width, always >= 0.
universe,profile,tax,comparison,metric,band
midcap50,research,off,v5 - v1,MaxDD%,2.746812
midcap50,research,off,v5 - v1,CAGR%,3.882671
midcap50,research,off,v5 - v1,Sharpe,0.127883
midcap50,research,off,v5 - v1,Calmar,0.306202
midcap50,research,off,v6 - v3,MaxDD%,5.446916
midcap50,research,off,v6 - v3,CAGR%,3.513095
midcap50,research,off,v6 - v3,Sharpe,0.132000
midcap50,research,off,v6 - v3,Calmar,0.331851
midcap50,research,on,v5 - v1,MaxDD%,9.839274
midcap50,research,on,v5 - v1,CAGR%,4.833519
midcap50,research,on,v5 - v1,Sharpe,0.170279
midcap50,research,on,v5 - v1,Calmar,0.524221
midcap50,research,on,v6 - v3,MaxDD%,8.967966
midcap50,research,on,v6 - v3,CAGR%,4.691242
midcap50,research,on,v6 - v3,Sharpe,0.180805
midcap50,research,on,v6 - v3,Calmar,0.389910
midcap50,tradeable,off,v5 - v1,MaxDD%,2.746812
midcap50,tradeable,off,v5 - v1,CAGR%,3.882671
midcap50,tradeable,off,v5 - v1,Sharpe,0.127883
midcap50,tradeable,off,v5 - v1,Calmar,0.306202
midcap50,tradeable,off,v6 - v3,MaxDD%,5.446916
midcap50,tradeable,off,v6 - v3,CAGR%,3.513095
midcap50,tradeable,off,v6 - v3,Sharpe,0.132000
midcap50,tradeable,off,v6 - v3,Calmar,0.331851
midcap50,tradeable,on,v5 - v1,MaxDD%,9.839274
midcap50,tradeable,on,v5 - v1,CAGR%,4.833519
midcap50,tradeable,on,v5 - v1,Sharpe,0.170279
midcap50,tradeable,on,v5 - v1,Calmar,0.524221
midcap50,tradeable,on,v6 - v3,MaxDD%,8.967966
midcap50,tradeable,on,v6 - v3,CAGR%,4.691242
midcap50,tradeable,on,v6 - v3,Sharpe,0.180805
midcap50,tradeable,on,v6 - v3,Calmar,0.389910
nifty50,research,off,v5 - v1,MaxDD%,9.285114
nifty50,research,off,v5 - v1,CAGR%,2.624514
nifty50,research,off,v5 - v1,Sharpe,0.143172
nifty50,research,off,v5 - v1,Calmar,0.337933
nifty50,research,off,v6 - v3,MaxDD%,3.480030
nifty50,research,off,v6 - v3,CAGR%,3.070308
nifty50,research,off,v6 - v3,Sharpe,0.116817
nifty50,research,off,v6 - v3,Calmar,0.165250
nifty50,research,on,v5 - v1,MaxDD%,8.842613
nifty50,research,on,v5 - v1,CAGR%,2.390087
nifty50,research,on,v5 - v1,Sharpe,0.126225
nifty50,research,on,v5 - v1,Calmar,0.280042
nifty50,research,on,v6 - v3,MaxDD%,6.373841
nifty50,research,on,v6 - v3,CAGR%,2.855676
nifty50,research,on,v6 - v3,Sharpe,0.119962
nifty50,research,on,v6 - v3,Calmar,0.196973
nifty50,tradeable,off,v5 - v1,MaxDD%,9.285114
nifty50,tradeable,off,v5 - v1,CAGR%,2.624514
nifty50,tradeable,off,v5 - v1,Sharpe,0.143172
nifty50,tradeable,off,v5 - v1,Calmar,0.337933
nifty50,tradeable,off,v6 - v3,MaxDD%,3.480030
nifty50,tradeable,off,v6 - v3,CAGR%,3.070308
nifty50,tradeable,off,v6 - v3,Sharpe,0.116817
nifty50,tradeable,off,v6 - v3,Calmar,0.165250
nifty50,tradeable,on,v5 - v1,MaxDD%,8.842613
nifty50,tradeable,on,v5 - v1,CAGR%,2.390087
nifty50,tradeable,on,v5 - v1,Sharpe,0.126225
nifty50,tradeable,on,v5 - v1,Calmar,0.280042
nifty50,tradeable,on,v6 - v3,MaxDD%,6.373841
nifty50,tradeable,on,v6 - v3,CAGR%,2.855676
nifty50,tradeable,on,v6 - v3,Sharpe,0.119962
nifty50,tradeable,on,v6 - v3,Calmar,0.196973
midcap100,research,off,v5 - v1,MaxDD%,9.442337
midcap100,research,off,v5 - v1,CAGR%,4.455514
midcap100,research,off,v5 - v1,Sharpe,0.183458
midcap100,research,off,v5 - v1,Calmar,0.437390
midcap100,research,off,v6 - v3,MaxDD%,8.323705
midcap100,research,off,v6 - v3,CAGR%,3.656843
midcap100,research,off,v6 - v3,Sharpe,0.133346
midcap100,research,off,v6 - v3,Calmar,0.210693
midcap100,research,on,v5 - v1,MaxDD%,7.767627
midcap100,research,on,v5 - v1,CAGR%,4.093595
midcap100,research,on,v5 - v1,Sharpe,0.177292
midcap100,research,on,v5 - v1,Calmar,0.280160
midcap100,research,on,v6 - v3,MaxDD%,8.457189
midcap100,research,on,v6 - v3,CAGR%,3.586403
midcap100,research,on,v6 - v3,Sharpe,0.129726
midcap100,research,on,v6 - v3,Calmar,0.186582
midcap100,tradeable,off,v5 - v1,MaxDD%,9.562580
midcap100,tradeable,off,v5 - v1,CAGR%,4.602277
midcap100,tradeable,off,v5 - v1,Sharpe,0.187545
midcap100,tradeable,off,v5 - v1,Calmar,0.456867
midcap100,tradeable,off,v6 - v3,MaxDD%,8.678517
midcap100,tradeable,off,v6 - v3,CAGR%,3.713315
midcap100,tradeable,off,v6 - v3,Sharpe,0.135260
midcap100,tradeable,off,v6 - v3,Calmar,0.219267
midcap100,tradeable,on,v5 - v1,MaxDD%,7.599688
midcap100,tradeable,on,v5 - v1,CAGR%,3.923396
midcap100,tradeable,on,v5 - v1,Sharpe,0.169313
midcap100,tradeable,on,v5 - v1,Calmar,0.268239
midcap100,tradeable,on,v6 - v3,MaxDD%,8.801114
midcap100,tradeable,on,v6 - v3,CAGR%,3.766636
midcap100,tradeable,on,v6 - v3,Sharpe,0.135414
midcap100,tradeable,on,v6 - v3,Calmar,0.196769
nifty100,research,off,v5 - v1,MaxDD%,4.786922
nifty100,research,off,v5 - v1,CAGR%,1.758036
nifty100,research,off,v5 - v1,Sharpe,0.071923
nifty100,research,off,v5 - v1,Calmar,0.268078
nifty100,research,off,v6 - v3,MaxDD%,5.972193
nifty100,research,off,v6 - v3,CAGR%,2.535416
nifty100,research,off,v6 - v3,Sharpe,0.093261
nifty100,research,off,v6 - v3,Calmar,0.225268
nifty100,research,on,v5 - v1,MaxDD%,4.780087
nifty100,research,on,v5 - v1,CAGR%,1.794317
nifty100,research,on,v5 - v1,Sharpe,0.076428
nifty100,research,on,v5 - v1,Calmar,0.237808
nifty100,research,on,v6 - v3,MaxDD%,5.832843
nifty100,research,on,v6 - v3,CAGR%,3.041177
nifty100,research,on,v6 - v3,Sharpe,0.111244
nifty100,research,on,v6 - v3,Calmar,0.208890
nifty100,tradeable,off,v5 - v1,MaxDD%,4.787547
nifty100,tradeable,off,v5 - v1,CAGR%,1.755295
nifty100,tradeable,off,v5 - v1,Sharpe,0.071823
nifty100,tradeable,off,v5 - v1,Calmar,0.268097
nifty100,tradeable,off,v6 - v3,MaxDD%,5.972193
nifty100,tradeable,off,v6 - v3,CAGR%,2.535416
nifty100,tradeable,off,v6 - v3,Sharpe,0.093261
nifty100,tradeable,off,v6 - v3,Calmar,0.225268
nifty100,tradeable,on,v5 - v1,MaxDD%,4.771432
nifty100,tradeable,on,v5 - v1,CAGR%,1.808703
nifty100,tradeable,on,v5 - v1,Sharpe,0.076909
nifty100,tradeable,on,v5 - v1,Calmar,0.237736
nifty100,tradeable,on,v6 - v3,MaxDD%,5.832843
nifty100,tradeable,on,v6 - v3,CAGR%,3.041177
nifty100,tradeable,on,v6 - v3,Sharpe,0.111244
nifty100,tradeable,on,v6 - v3,Calmar,0.208890
midcap150,research,off,v5 - v1,MaxDD%,11.660535
midcap150,research,off,v5 - v1,CAGR%,4.037886
midcap150,research,off,v5 - v1,Sharpe,0.146234
midcap150,research,off,v5 - v1,Calmar,0.668880
midcap150,research,off,v6 - v3,MaxDD%,7.670126
midcap150,research,off,v6 - v3,CAGR%,4.437310
midcap150,research,off,v6 - v3,Sharpe,0.140206
midcap150,research,off,v6 - v3,Calmar,0.319842
midcap150,research,on,v5 - v1,MaxDD%,9.798237
midcap150,research,on,v5 - v1,CAGR%,3.653824
midcap150,research,on,v5 - v1,Sharpe,0.153367
midcap150,research,on,v5 - v1,Calmar,0.474314
midcap150,research,on,v6 - v3,MaxDD%,7.656102
midcap150,research,on,v6 - v3,CAGR%,3.751356
midcap150,research,on,v6 - v3,Sharpe,0.115813
midcap150,research,on,v6 - v3,Calmar,0.273677
midcap150,tradeable,off,v5 - v1,MaxDD%,11.660535
midcap150,tradeable,off,v5 - v1,CAGR%,4.037886
midcap150,tradeable,off,v5 - v1,Sharpe,0.146234
midcap150,tradeable,off,v5 - v1,Calmar,0.668880
midcap150,tradeable,off,v6 - v3,MaxDD%,7.670126
midcap150,tradeable,off,v6 - v3,CAGR%,4.437310
midcap150,tradeable,off,v6 - v3,Sharpe,0.140206
midcap150,tradeable,off,v6 - v3,Calmar,0.319842
midcap150,tradeable,on,v5 - v1,MaxDD%,9.798237
midcap150,tradeable,on,v5 - v1,CAGR%,3.653824
midcap150,tradeable,on,v5 - v1,Sharpe,0.153367
midcap150,tradeable,on,v5 - v1,Calmar,0.474314
midcap150,tradeable,on,v6 - v3,MaxDD%,7.656102
midcap150,tradeable,on,v6 - v3,CAGR%,3.751356
midcap150,tradeable,on,v6 - v3,Sharpe,0.115813
midcap150,tradeable,on,v6 - v3,Calmar,0.273677
smallcap250,research,off,v5 - v1,MaxDD%,8.016292
smallcap250,research,off,v5 - v1,CAGR%,5.639562
smallcap250,research,off,v5 - v1,Sharpe,0.169973
smallcap250,research,off,v5 - v1,Calmar,0.452953
smallcap250,research,off,v6 - v3,MaxDD%,6.558006
smallcap250,research,off,v6 - v3,CAGR%,8.236198
smallcap250,research,off,v6 - v3,Sharpe,0.229688
smallcap250,research,off,v6 - v3,Calmar,0.388210
smallcap250,research,on,v5 - v1,MaxDD%,8.492752
smallcap250,research,on,v5 - v1,CAGR%,5.531644
smallcap250,research,on,v5 - v1,Sharpe,0.179405
smallcap250,research,on,v5 - v1,Calmar,0.413519
smallcap250,research,on,v6 - v3,MaxDD%,10.654940
smallcap250,research,on,v6 - v3,CAGR%,7.287059
smallcap250,research,on,v6 - v3,Sharpe,0.216294
smallcap250,research,on,v6 - v3,Calmar,0.443966
smallcap250,tradeable,off,v5 - v1,MaxDD%,8.071628
smallcap250,tradeable,off,v5 - v1,CAGR%,5.509430
smallcap250,tradeable,off,v5 - v1,Sharpe,0.179144
smallcap250,tradeable,off,v5 - v1,Calmar,0.446583
smallcap250,tradeable,off,v6 - v3,MaxDD%,6.488401
smallcap250,tradeable,off,v6 - v3,CAGR%,8.223037
smallcap250,tradeable,off,v6 - v3,Sharpe,0.232756
smallcap250,tradeable,off,v6 - v3,Calmar,0.374480
smallcap250,tradeable,on,v5 - v1,MaxDD%,8.219529
smallcap250,tradeable,on,v5 - v1,CAGR%,5.456642
smallcap250,tradeable,on,v5 - v1,Sharpe,0.181495
smallcap250,tradeable,on,v5 - v1,Calmar,0.401277
smallcap250,tradeable,on,v6 - v3,MaxDD%,10.442177
smallcap250,tradeable,on,v6 - v3,CAGR%,6.955412
smallcap250,tradeable,on,v6 - v3,Sharpe,0.219789
smallcap250,tradeable,on,v6 - v3,Calmar,0.419179
