old,new,effective,circular,names
KPIT,BSOFT,2019-02-26,CML40271.pdf,KPIT Technologies Limited Birlasoft Limited
TIFIN,CHOLAHLDNG,2019-04-09,CML40641.pdf,TI Financial Holdings Cholamandalam Financial
SKML,BABAFOOD,2019-05-27,CML41073.pdf,Sri Krishna Metcom Baba Agro Food Limited
TATASPONGE,TATASTLLP,2019-09-03,CML41978.pdf,Tata Sponge Iron Tata Steel Long
MIL,GBGLOBAL,2019-09-09,CML42042.pdf,Mandhana GB Global Limited
HINDUJAVEN,NXTDIGITAL,2019-11-11,CML42610.pdf,Hinduja Ventures Limited NXTDIGITAL LIMITED
HOTELEELA,HLVLTD,2020-01-08,CML43100.pdf,Hotel Leela Venture Limited HLV LIMITED
IPAPPM,ANDPAPER,2020-01-22,CML43237.pdf,International Paper APPM ANDHRA PAPER LIMITED
RNAM,NAM-INDIA,2020-01-23,CML43292.pdf,Reliance Nippon Life Asset Nippon Life India Asset
BOROSIL,BORORENEW,2020-02-20,CML43547.pdf,Borosil Glass Works BOROSIL RENEWABLES LIMITED
TATAGLOBAL,TATACONSUM,2020-02-27,CML43619.pdf,Tata Global Beverages TATA CONSUMER
ANDHRA,PAPER,2020-03-05,CML43707.pdf,LIMITED ANDPAPER ANDHRAPAP
WEIZFOREX,EBIXFOREX,2020-03-20,CML43889.pdf,Weizmann Forex EBIXCASH WORLD MONEY
SAKETH,TEMBO,2020-04-13,CML44065.pdf,Saketh Exim Limited Tembo Global Industries Limited
ADLABS,IMAGICAA,2020-04-22,CML44140.pdf,Adlabs Entertainment Imagicaaworld
SUREVIN,WEWIN,2020-07-01,CML44786.pdf,Surevin BPO WE WIN LIMITED
ZENITHBIR,ZENITHSTL,2020-08-19,CML45329.pdf,Zenith Birla (India) Zenith Steel Pipes &
NIITTECH,COFORGE,2020-08-20,CML45340.pdf,Coforge Limited
ICFL,DHANILOANS,2020-09-17,CML45674.pdf,Finance Limited Limited
DEEPIND,DEEPENR,2020-09-30,CML45805.pdf,Limited LIMITED
AIONJSW,JSWISPL,2020-10-12,CML45957.pdf,Limited Limited
FAIRCHEM,PRIVISCL,2020-10-14,CML45983.pdf,Fairchem Speciality Privi Speciality Chemicals
ESSELPACK,EPL,2020-10-19,CML46024.pdf,Essel Propack Limited EPL Limited
IBVENTURES,DHANI,2020-10-28,CML46118.pdf,Indiabulls Ventures Limited Dhani Services Limited
IBVENTPP,DHANIPP,2020-10-28,CML46146.pdf,Indiabulls Ventures Limited Dhani Services Limited
PAPERPROD,HUHTAMAKI,2020-11-26,CML46402.pdf,Huhtamaki PPL Limited Huhtamaki India Limited
IBULISL,YAARII,2020-12-08,CML46532.pdf,Services Limited Services Limited
INFRATEL,INDUSTOWER,2020-12-18,CML46631.pdf,Bharti Infratel Limited Indus Towers Limited
ADANIGAS,ATGL,2021-01-13,CML46937.pdf,Adani Gas Limited Adani Total Gas Limited
8KMILES,SECURKLOUD,2021-01-20,CML47017.pdf,Services Limited LIMITED
CESCVENT,RPSGVENT,2021-02-01,CML47113.pdf,CESC Ventures Limited RPSG VENTURES LIMITED
OMMETALS,OMINFRAL,2021-02-10,CML47217.pdf,OM Metals OM INFRA LIMITED
RTNINFRA,RTNINDIA,2021-04-07,CML47847.pdf,RattanIndia RattanIndia Enterprises
VIKASMCORP,VIKASLIFE,2021-05-06,CML48152.pdf,Vikas Multicorp Vikas Lifecare Limited
ORIENTREF,RHIM,2021-07-22,CML48947.pdf,Orient Refractories RHI MAGNESITA INDIA
SGBJUN29IV,SGBJUL29IV,2021-07-28,CML49079.pdf,2.50%GOLDBONDS2029SR-IV
NANDANI,JAIPURKURT,2021-08-06,CML49146.pdf,Nandani Creation Limited
ANGELBRKG,ANGELONE,2021-11-11,CML50211.pdf,Angel Broking Limited Angel One Limited
PROINDIA,EQUIPPP,2021-11-30,CML50399.pdf,Proseed India Limited Equippp Social Impact Technologies
AGCNET,BBOX,2021-12-03,CML50436.pdf,AGC Networks Limited Black Box Limited
YAARII,YAARI,2021-12-15,CML50541.pdf,Yaarii Digital Integrated Yaari Digital Integrated
KARDA,KBCGLOBAL,2021-12-16,CML50569.pdf,Karda Constructions Limited KBC Global Limited
LINCPEN,LINC,2021-12-20,CML50595.pdf,Linc Pen & Plastics Limited Linc Limited
DOLAT,DOLATALGO,2021-12-20,CML50600.pdf,Dolat Investments Limited Dolat Algotech Limited
JUMPNET,WINPRO,2021-12-22,CML50640.pdf,Jump Networks Limited WinPro Industries Limited
DSML,DIL,2022-01-14,CML50948.pdf,Debock Sales And Marketing Limited Debock Industries Limited
PHILIPCARB,PCBL,2022-01-13,CML50952.pdf,Phillips Carbon Black PCBL LIMITED
PDSMFL,PDSL,2022-02-17,CML51294.pdf,PDS Multinational Fashions PDS Limited
BURGERKING,RBA,2022-02-17,CML51298.pdf,Burger King India Limited Restaurant Brands Asia Limited
INTEGRA,ESSENTIA,2022-03-02,CML51409.pdf,Integra Garments and Textiles Integra Essentia Limited
CADILAHC,ZYDUSLIFE,2022-03-07,CML51455.pdf,Cadila Healthcare Limited Zydus Lifesciences Limited
SHRIRAMEPC,SEPC,2022-03-09,CML51480.pdf,Shriram EPC Limited SEPC Limited
DUDIGITAL,DUGLOBAL,2022-03-17,CML51580.pdf,Du Digital Technologies DUDIGITAL GLOBAL LIMITED
WABCOINDIA,ZFCVINDIA,2022-04-01,CML51782.pdf,WABCO India Limited ZF Commercial Vehicle Control
DALALSTCOM,KEEPLEARN,2022-04-06,CML51842.pdf,DSJ Keep Learning Limited
KPIGLOBAL,KPIGREEN,2022-04-27,CML52068.pdf,K.P.I. Global Infrastructure KPI Green Energy Limited
HSIL,AGI,2022-05-11,CML52200.pdf,HSIL Limited AGI Greenpac Limited
MOTHERSUMI,MOTHERSON,2022-06-09,CML52507.pdf,Motherson Sumi Systems Samvardhana Motherson
CEBBCO,JWL,2022-06-20,CML52616.pdf,Commercial Engineers & Jupiter Wagons Limited
SHIL,HINDWAREAP,2022-06-21,CML52630.pdf,Somany Home Hindware Home Innovation
ZUARIGLOB,ZUARIIND,2022-07-04,CML52756.pdf,Zuari Global Limited Zuari Industries Limited
RUCHI,PATANJALI,2022-07-13,CML52890.pdf,Ruchi Soya Industries Limited Patanjali Foods Limited
TMRVL,HEADSUP,2022-07-18,CML52946.pdf,The Mandhana Retail Heads UP Ventures Limited
COSMOFILMS,COSMOFIRST,2022-07-25,CML53014.pdf,Cosmo Films Limited COSMO FIRST LIMITED
NBVENTURES,NAVA,2022-07-29,CML53058.pdf,Nava Bharat Ventures NAVA LIMITED
MINDAIND,UNOMINDA,2022-08-05,CML53163.pdf,Minda Industries Limited UNO Minda Limited
MODISNME,MODISN,2022-08-16,CML53242.pdf,Modison Metals Limited MODISON LIMITED
MODISNME,MODISONLTD,2022-08-16,CML53251.pdf,Modison Metals Limited MODISON LIMITED
DHANVARSHA,TRU,2022-09-01,CML53469.pdf,Dhanvarsha Finvest Limited TruCap Finance Limited
DHARAMSI,DMCC,2022-11-02,CML54206.pdf,The Dharamsi Morarji Chemical DMCC SPECIALITY
ACRYSIL,CARYSIL,2022-11-18,CML54419.pdf,Acrysil Limited CARYSIL LIMITED
JTLINFRA,JTLIND,2022-11-21,CML54444.pdf,JTL Infra Limited JTL INDUSTRIES LIMITED
HOTELRUGBY,UNIVAFOODS,2022-11-23,CML54485.pdf,Hotel Rugby Limited Univa Foods Limited
LTI,LTIM,2022-12-05,CML54604.pdf,Larsen & Toubro Infotech LTIMindtree Limited
SRTRANSFIN,SHRIRAMFIN,2022-12-20,CML54812.pdf,Shriram Transport Finance Shriram Finance Limited
WFL,WEL,2023-01-04,CML55020.pdf,Wonder Fibromats Limited Wonder Electricals Limited
AAL,ARIHANTACA,2023-01-02,CML55068.pdf,Arihant Academy Limited
INEOSSTYRO,STYRENIX,2023-01-20,CML55256.pdf,INEOS Styrolution India Styrenix Performance
IIFLWAM,360ONE,2023-01-23,CML55278.pdf,IIFL Wealth Management 360 ONE WAM LIMITED
CLNINDIA,HEUBACHIND,2023-03-10,CML55860.pdf,Clariant Chemicals (India) Heubach Colorants India
NXTDIGITAL,NDLVENTURE,2023-05-09,CML56580.pdf,NXTDIGITAL LIMITED NDL Ventures Limited
PVR,PVRINOX,2023-05-12,CML56638.pdf,PVR Limited PVR INOX Limited
BINDALAGRO,OSWALGREEN,2023-05-19,CML56714.pdf,Oswal Chemicals & Oswal Greentech Limited
KALPATPOWR,KPIL,2023-06-06,CML56896.pdf,Kalpataru Power Kalpataru Projects
MAHINDCIE,CIEINDIA,2023-06-19,CML57090.pdf,Mahindra CIE Automotive CIE Automotive India
AML,ASHOKAMET,2023-06-27,CML57282.pdf,Ashoka Metcast Limited
STAMPEDE,GATECH,2023-07-14,CML57501.pdf,Stampede Capital Limited GACM Technologies Limited
EHFLNCD,NIDO,2023-07-18,CML57522.pdf,Nido Home Finance Limited
UCALFUEL,UCAL,2023-07-26,CML57638.pdf,Ucal Fuel Systems Limited UCAL LIMITED
4THDIM,GVPTECH,2023-07-31,CML57688.pdf,GVP Infotech Limited
ORIENTABRA,ORIENTCER,2023-07-31,CML57692.pdf,Orient Abrasives Limited ORIENT CERATECH
PROZONINTU,PROZONER,2023-08-04,CML57775.pdf,Prozone Intu Properties Limited Prozone Realty Limited
SCAPDVR,GATECHDVR,2023-08-08,CML57795.pdf,Stampede Capital Limited
SUNCLAYLTD,TVSHLTD,2023-08-10,CML57861.pdf,Sundaram Clayton Limited TVS Holdings Limited
SEPOWER,SAMPANN,2023-08-23,CML58006.pdf,S.E. Power Limited Sampann Utpadan India Limited
ADANITRANS,ADANIENSOL,2023-08-24,CML58016.pdf,Adani Transmission Adani Energy Solutions
MFL,EPIGRAL,2023-09-11,CML58238.pdf,Meghmani Finechem Limited Epigral Limited
KEERTI,GTECJAINX,2023-09-12,CML58268.pdf,Keerti Knowledge G-TEC JAINX EDUCATION
REVATHI,SEMAC,2023-09-21,CML58395.pdf,Revathi Equipment Limited SEMAC CONSULTANTS
LSIL,LLOYDSENGG,2023-10-16,CML58835.pdf,Lloyds Steels Industries LLOYDS ENGINEERING
GISOLUTION,TPHQ,2023-10-20,CML58953.pdf,GI Engineering Teamo Productions HQ Limited
AMARAJABAT,ARE&M,2023-10-27,CML59037.pdf,Amara Raja Batteries Amara Raja Energy &
DAAWAT,LTFOODS,2023-11-06,CML59161.pdf,LT Foods Limited
SONAMCLOCK,SONAMLTD,2023-11-15,CML59300.pdf,Sonam Clock Limited SONAM LIMITED
GATI,ACLGATI,2023-11-30,CML59502.pdf,GATI Limited Allcargo Gati Limited
SONAHISONA,GOLDKART,2023-12-01,CML59508.pdf,Sona Hi Sona Jewellers Goldkart Jewels Limited
WELSPUNIND,WELSPUNLIV,2023-12-14,CML59625.pdf,Welspun India Limited Welspun Living Limited
ATLANTA,ATLANTAA,2023-12-15,CML59697.pdf,Atlanta Limited ATLANTAA LIMITED
DSP,NIFTY,2024-02-15,CML60631.pdf,IT ETF INF740KA1SX1 DSPITETF ITETFADD
DSP,S&P,2024-02-15,CML60631.pdf,BSE Sensex ETF INF740KA1SZ6 DSPSENXETF SENSEXADD
PLATINUM,PLATIND,,CML60977.pdf,Platinum Industries Limited
L&TFH,LTF,2024-04-23,CML61613.pdf,L&T Finance Holdings Limited L&T Finance Limited
IBULHSGFIN,SAMMAANCAP,2024-07-26,CML63024.pdf,Indiabulls Housing Finance Limited Sammaan Capital Limited
AMBANIORG,AMBANIORGO,2024-08-01,CML63090.pdf,Ambani Organics Limited AMBANI ORGOCHEM
TRIL,TARIL,2024-08-26,CML63470.pdf,Transformers And Rectifiers (India) Limited
ORTINLAB,ORTINGLOBE,2024-09-03,CML63630.pdf,Ortin Laboratories Limited ORTIN GLOBAL LIMITED
ALLSEC,ALLDIGI,2024-09-27,CML64086.pdf,Allsec Technologies Limited Alldigi Tech Limited
TIPSINDLTD,TIPSMUSIC,2024-09-30,CML64103.pdf,TIPS Industries Limited Tips Music Limited
EASTSUGIND,KUNDANMM,2024-10-09,CML64324.pdf,Eastern Sug & Inds Kundan Minerals and
LAXMIMACH,LMW,2024-10-10,CML64357.pdf,Lakshmi Machine Works Limited LMW Limited
REVATHIEQU,RVTH,2024-11-26,CML65117.pdf,Revathi Equipment India Limited
IIFLSEC,IIFLCAPS,2024-12-03,CML65252.pdf,IIFL Securities Limited IIFL Capital Services
ACSAL,ARVINDPORT,2024-12-09,CML65380.pdf,Arvind and Company ARVIND PORT AND
GMRINFRA,GMRAIRPORT,2024-12-11,CML65429.pdf,GMR Airports Infrastructure Limited GMR Airports Limited
HBLPOWER,HBLENGINE,2024-12-23,CML65633.pdf,HBL Power Systems Limited HBL Engineering Limited
SERVOTECH,SAME,2025-01-14,CML66029.pdf,Servotech Power Systems Limited Servotech Renewable
URAVI,URAVIDEF,2025-01-16,CML66084.pdf,Uravi T and Wedge Lamps Uravi Defence and Technology
GLS,ALIVUS,2025-01-20,CML66114.pdf,Glenmark Life Sciences Alivus Life Sciences
RNAVAL,SWANDEF,2025-01-20,CML66138.pdf,Reliance Naval and Swan Defence and Heavy
TCLCONS,TICL,2025-02-07,CML66461.pdf,Tantia Constructions Twamev Construction and
EMAIN,EMAPARTNER,2025-03-11,CML66954.pdf,EMA Partners India Limited
CAREERP,CPCAP,2025-03-20,CML67110.pdf,Career Point Limited CP Capital Limited
ATFL,SUNDROP,2025-03-28,CML67261.pdf,Agro Tech Foods Limited Sundrop Brands Limited
HIL,BIRLANU,2025-04-09,CML67413.pdf,HIL Limited BirlaNu Limited
MRO-TEK,UMIYA-MRO,2025-04-15,CML67473.pdf,MRO-TEK Realty Limited UMIYA BUILDCON
SUVENPHAR,COHANCE,2025-05-19,CML67967.pdf,Suven Pharmaceuticals Limited Cohance Lifesciences Limited
AMIORG,ACUTAAS,2025-06-02,CML68201.pdf,Ami Organics Limited Acutaas Chemicals Limited
KAVVERITEL,KAVDEFENCE,2025-06-23,CML68578.pdf,Kavveri Telecom Products Kavveri Defence &
SATINDLTD,AEROENTER,2025-06-25,CML68627.pdf,Sat Industries Limited Aeroflex Enterprises Limited
KBCGLOBAL,DHARAN,2025-06-26,CML68648.pdf,KBC Global Limited DHARAN INFRA-EPC
BINANIIND,BILVYAPAR,2025-07-14,CML69007.pdf,Binani Industries Limited BIL VYAPAR LIMITED
TIMESGTY,TEAMGTY,2025-08-13,CML69550.pdf,Times Guaranty Limited Team India Guaranty Limited
SAH,AERONEU,2025-08-22,CML69699.pdf,Sah Polymers Limited Aeroflex Neu Limited
GEPIL,GVPIL,2025-08-28,CML69775.pdf,GE Power India Limited
HOVS,HGM,2025-09-03,CML69880.pdf,HOV Services Limited HandsOn Global
SWANENERGY,SWANCORP,2025-09-04,CML69907.pdf,Swan Energy Limited SWAN CORP LIMITED
GANESHHOUC,GANESHHOU,2025-09-15,CML70105.pdf,Ganesh Housing GANESH HOUSING
ITDCEM,CEMPRO,2025-09-17,CML70147.pdf,ITD Cementation India Cemindia Projects Limited
SELAN,ANTELOPUS,2025-09-22,CML70219.pdf,Selan Exploration Technology Limited Antelopus Selan Energy Limited
WORTH,WORTHPERI,2025-10-10,CML70638.pdf,Worth Peripherals Limited
AARVEEDEN,VGL,2025-10-13,CML70664.pdf,Aarvee Denims & Exports VARVEE GLOBAL LIMITED
SUNDARMHLD,TSFINV,2025-10-16,CML70756.pdf,Sundaram Finance TSF INVESTMENTS LIMITED
GODHA,AURIGROW,2025-10-17,CML70780.pdf,Godha Cabcon & Insulation Auri Grow India Limited
TATAMOTORS,TMPV,2025-10-24,CML70875.pdf,Tata Motors Tata Motors Passenger Vehicles Limited
YAARI,IBULLSLTD,2025-11-10,CML71055.pdf,Yaari Digital Integrated Indiabulls Limited
SMLISUZU,SMLMAH,2025-11-10,CML71094.pdf,SML Isuzu Limited SML Mahindra Limited
AURDIS,ALCODIS,2025-11-18,CML71248.pdf,Aurangabad Distillery Alcokraft Distilleries Limited
SMSLIFE,HALEOSLABS,2025-11-26,CML71379.pdf,SMS Lifesciences India HALEOS LABS
CREATIVE,CNL,2025-12-10,CML71686.pdf,Creative Newtech Limited
DSP,GOLD,2025-12-15,CML71704.pdf,ETF INF740KA1SW3 GOLDETFADD GOLDADD
LAWSIKHO,ADDICTIVE,2025-12-17,CML71744.pdf,Addictive Learning Technology Limited
JCHAC,BOSCH-HCIL,2025-12-24,CML71871.pdf,Johnson Controls - BOSCH HOME COMFORT
UTI,BSE,2025-12-24,CML71881.pdf,Sensex ETF INF789FB1X58 UTISENSETF SENSEXBETA
INF789F1AUW9,UTINEXT50,2025-12-24,CML71881.pdf,NEXT50BETA
INF789F1AYX9,NIFMID150,2025-12-24,CML71881.pdf,MIDCAPBETA
INF789F1AZF3,NIF10GETF,2025-12-24,CML71881.pdf,GILT10BETA
INF789F1AZE6,NIF5GETF,2025-12-24,CML71881.pdf,GILT5BETA
INF789F1AUX7,GOLDSHARE,2025-12-24,CML71881.pdf,GOLDBETA
INF789F1AYK6,SILVERETF,2025-12-24,CML71881.pdf,SILVERBETA
DRL,DIRL,2026-01-02,CML72032.pdf,Dhanuka Realty Limited Dhanuka Infra Realty Limited
SGLTL,SETL,2026-01-19,CML72266.pdf,Standard Glass Lining Standard Engineering
HEUBACHIND,SUDARCOLOR,2026-01-20,CML72287.pdf,Heubach Colorants India Sudarshan Colorants India
SEQUENT,VIYASH,2026-01-23,CML72374.pdf,Sequent Scientific Limited Viyash Scientific Limited
AMJUMBO,PARAMPARA,2026-01-23,CML72395.pdf,A and M Jumbo Bags PARAMPARA DAIRY
INFIBEAM,CCAVENUE,2026-02-03,CML72519.pdf,Infibeam Avenues Limited AvenuesAI Limited
ARISINFRA,ARIS,2026-02-09,CML72592.pdf,Arisinfra Solutions Limited
MEGASOFT,SIGMAADV,2026-02-09,CML72598.pdf,Megasoft Limited SIGMA ADVANCED SYSTEMS
SABTNL,AQYLON,2026-02-11,CML72650.pdf,Sri Adhikari Brothers Television Aqylon Nexus Limited
LTIM,LTM,2026-02-27,CML72948.pdf,LTIMindtree Limited
EXCEL,LANDSMILL,2026-04-02,CML73456.pdf,Excel Realty N Infra Limited Landsmill Green Limited
AKZOINDIA,JSWDULUX,2026-04-15,CML73652.pdf,Akzo Nobel India Limited JSW Dulux Limited
SASTASUNDR,HEALTHX,2026-04-30,CML73885.pdf,Sastasundar Ventures Limited Health X Platform Limited
VISASTEEL,VISACHROME,2026-05-20,CML74213.pdf,Visa Steel Limited VISA Chrome Limited
AMBEY,DHANSA,2026-06-01,CML74394.pdf,Ambey Laboratories Limited Dhansa Labs Limited
MIRCELECTR,ONIDA,2026-06-19,CML74716.pdf,MIRC Electronics Limited Onida Electronics Limited
GUJGASLTD,GUJENERGY,2026-07-01,CML74850.pdf,Gujarat Gas Limited GUJARAT ENERGY LIMITED
AXIS,MUTUAL,2026-07-03,CML74923.pdf,FUND - Axis NIFTY 50 ETF - INF846K01W98 AXISNIFTY NIFTYAXIS
LYPSAGEMS,AURUS,2026-07-14,CML75101.pdf,Lypsa Gems & Jewellery AURUS GEM
AMIRCHAND,AEROPLANE,2026-07-20,CML75196.pdf,Amir Chand Jagdish Kumar (Exports) Limited
ASHIKA,ASHIKAG,2026-07-27,CML75304.pdf,Ashika Credit Capital Limited Ashika Global Securities Limited
KEL,VISDEM,2026-08-06,CML75507.pdf,Kundan Edifice Limited Visdem Technosys Limited
